Check Dup,Restaurant ID,Restaurant Name,Cuisine Keywords,Chain (Y/N),Address,City,Neighborhood,Google Maps Link,Profile Picture,Operational (Y/N),Coordinates
1,ALDINOAT,Aldino at The Vineyard - Italian Restaurant In San Antonio,Italian,No,"1203 North Loop 1604 W at Blanco, San Antonio, TX 78232",San Antonio,Alamo Heights,"https://www.google.com/maps/place/Aldino+at+The+Vineyard+-+Italian+Restaurant+In+San+Antonio/@29.5721493,-98.487417,12z/data=!4m6!3m5!1s0x865c622727d3a031:0x4d5d19c7b2ef842c!8m2!3d29.6095288!4d-98.5102127!16s%2Fg%2F1tq4rhth?entry=ttu&g_ep=EgoyMDI1MDQwMi4xIKXMDSoASAFQAw%3D%3D",https://lh3.googleusercontent.com/p/AF1QipPTksDg0QTxXEmVtJeq8Shhu3PXf3QHF39Gm7x1=w408-h263-k-no,Yes,"29.5721493,-98.4874170"
1,ALDOSRIS,Aldo's Ristorante Italiano,Italian,No,"22211 I-10 West #1101, San Antonio, TX 78256",San Antonio,The Dominion,"https://www.google.com/maps/place/Aldo's+Ristorante+Italiano/@29.6480915,-98.6244427,17z/data=!3m1!4b1!4m6!3m5!1s0x865c6753195e4489:0x1b4038b43368899c!8m2!3d29.6480915!4d-98.6244427!16s%2Fg%2F1th0bw6l?authuser=0&hl=en&entry=ttu&g_ep=EgoyMDI1MDQwMi4xIKXMDSoASAFQAw%3D%3D",https://lh3.googleusercontent.com/p/AF1QipPk1nRdGWmqy4ixarG7EppOaTTID1bo2et45yMZ=w408-h544-k-no,Yes,"29.6480915,-98.6244427"
1,AZÚCANUE,Azúca Nuevo Latino,Latin,No,"709 S Alamo St, San Antonio, TX 78205",San Antonio,Southtown,"https://www.google.com/maps/place/Azuca+Nuevo+Latino/@29.4171272,-98.488617,17z/data=!4m15!1m8!3m7!1s0x865c58a921594609:0xd44cb19082665562!2s709+S+Alamo+St,+San+Antonio,+TX+78205!3b1!8m2!3d29.4171272!4d-98.488617!16s%2Fg%2F11bw426_l3!3m5!1s0x865c58a926ce2469:0x5e22da6fe2444dfe!8m2!3d29.4171217!4d-98.4885876!16s%2Fg%2F1vc_qsk4?entry=ttu&g_ep=EgoyMDI1MDQwMi4xIKXMDSoASAFQAw%3D%3D",https://lh3.googleusercontent.com/p/AF1QipPqDpUtlcH87hF63rGytdcZPXfRRo8V9QVFDHa8=w408-h527-k-no,Yes,"29.4171272,-98.4886170"
1,BDADDYSB,B-Daddy’s Barbecue,BBQ,No,"14436 Bandera Rd, Helotes, TX 78023",Helotes,Helotes,"https://www.google.com/maps/place/B-Daddy's+Barbecue/@29.577388,-98.6925184,17z/data=!3m1!4b1!4m6!3m5!1s0x865c68c3a4470ecf:0xd27de5cb4dca6b6!8m2!3d29.5773834!4d-98.6899435!16s%2Fg%2F11cjqq4pq3?entry=ttu&g_ep=EgoyMDI1MDQwMi4xIKXMDSoASAFQAw%3D%3D",https://lh3.googleusercontent.com/p/AF1QipNrLdvmKiEu097R1X-rEY23B_yn4g_bDP-CQD3e=w408-h240-k-no-pi0-ya269.92734-ro-0-fo100,Yes,"29.5773880,-98.6925184"
1,BENNYSTA,Benny's Tacos,Mexican,No,"5050 Walzem Rd, San Antonio, TX 78218",San Antonio,Northeast Side,"https://www.google.com/maps/place/Benny's+Tacos/@29.511263,-98.3939479,17z/data=!4m15!1m8!3m7!1s0x865cf35984560bf1:0x9067bdc37948963f!2s5050+Walzem+Rd,+Windcrest,+TX+78218!3b1!8m2!3d29.5098363!4d-98.3915307!16s%2Fg%2F11bw3yzts9!3m5!1s0x865cf3598fe22bbf:0xc2b80f3353a8b7d1!8m2!3d29.5099447!4d-98.3915274!16s%2Fg%2F1tcvc9nc?entry=ttu&g_ep=EgoyMDI1MDQwMi4xIKXMDSoASAFQAw%3D%3D",https://lh3.googleusercontent.com/p/AF1QipMwZVnr6vDrOxaDwILYYiNHalOvR3lJTnf7VXns=w426-h240-k-no,Yes,"29.5112630,-98.3939479"
1,BLACKSBA,Black's Barbecue (Lockhart),"BBQ, American",Yes,"215 N Main St, Lockhart, TX 78644",Lockhart,Lockhart,"https://www.google.com/maps/place/Black's+Barbecue+Lockhart/@29.8847357,-97.6739479,17z/data=!4m15!1m8!3m7!1s0x864356f4501b0e6f:0xe474ba9ebc5a6869!2s215+N+Main+St,+Lockhart,+TX+78644!3b1!8m2!3d29.8859932!4d-97.6729602!16s%2Fg%2F11b8z9b03q!3m5!1s0x8643572cb5a8f175:0xb41cb2b0de40ebf5!8m2!3d29.885886!4d-97.672921!16s%2Fg%2F11c6_vxbz1?entry=ttu&g_ep=EgoyMDI1MDQwMi4xIKXMDSoASAFQAw%3D%3D",https://lh3.googleusercontent.com/p/AF1QipM4C9QQbRp8QIQr8Z3NcfM3vJ8mh0hbwu_cYybm=w408-h272-k-no,Yes,"29.8847357,-97.6739479"
1,BLÜPRIME,Blü Prime Steakhouse,Steakhouse,No,"1818 N Loop 1604 W Suite 101, San Antonio, TX 78248",San Antonio,North Side,"https://www.google.com/maps/place/Bl%C3%BC+Prime+Steakhouse/@29.607107,-98.5230579,17z/data=!4m15!1m8!3m7!1s0x865c61877b087643:0x3d095f61f0add475!2s1818+N+Loop+1604+W,+San+Antonio,+TX+78248!3b1!8m2!3d29.607107!4d-98.520483!16s%2Fg%2F11c4vt0w_r!3m5!1s0x865c61e02062375f:0xa159cf83e025f666!8m2!3d29.607107!4d-98.520483!16s%2Fg%2F11kjm0cjhq?entry=ttu&g_ep=EgoyMDI1MDQwMi4xIKXMDSoASAFQAw%3D%3D",https://lh3.googleusercontent.com/p/AF1QipM63hH8VAL4a9ztNf8jQtxsAaWBvG9k-cC8jAt3=w408-h485-k-no,Yes,"29.6071070,-98.5230579"
1,BOHANANS,Bohanan's Prime Steaks and Seafood,"American, Steakhouse",No,"219 E Houston St, San Antonio, TX 78205",San Antonio,Downtown SA/River Walk,"https://www.google.com/maps/place/Bohanan's+Prime+Steaks+and+Seafood/@29.426614,-98.495614,17z/data=!3m1!5s0x865c5f536829d7a7:0xb825fcec6f6ddab0!4m15!1m8!3m7!1s0x865c5f5367f4aab9:0x8771da834fd177ba!2s219+E+Houston+St,+San+Antonio,+TX+78205!3b1!8m2!3d29.4267381!4d-98.4903991!16s%2Fg%2F11bw4lb3y7!3m5!1s0x865c5f52f972896d:0x14cff333967ab7e3!8m2!3d29.4267169!4d-98.4903776!16s%2Fg%2F11xt897py?entry=ttu&g_ep=EgoyMDI1MDQwMi4xIKXMDSoASAFQAw%3D%3D",https://lh3.googleusercontent.com/p/AF1QipOwgHAZ8UeJ2zvMfzJy-vuUVETWpiyowiCARPP0=w408-h244-k-no,Yes,"29.4266140,-98.4956140"
1,CABOBOBS,Cabo Bob's Burritos,Mexican,Yes,"847 NE Interstate 410 Loop, San Antonio, TX 78209",San Antonio,Northeast Side,"https://www.google.com/maps/place/Cabo+Bob%E2%80%99s+Burritos/@29.514263,-98.4659479,17z/data=!4m15!1m8!3m7!1s0x865cf5356340d3fb:0x758564753a1625ed!2s847+NE+Interstate+410+Loop,+San+Antonio,+TX+78209!3b1!8m2!3d29.5171611!4d-98.4620571!16s%2Fg%2F11bw3yxdrl!3m5!1s0x865cf5fb572534eb:0x9561abc489c801ce!8m2!3d29.5171338!4d-98.4620871!16s%2Fg%2F11flc5z_gq?entry=ttu&g_ep=EgoyMDI1MDQwMi4xIKXMDSoASAFQAw%3D%3D",https://lh3.googleusercontent.com/gps-cs-s/AB5caB-T98EVRYToeQ7YVZ4U3skq49pf-0iUd7iSw_ZjNI8ahLlXzlidE617LmLG-Y5DoM0Q3IkG2u2l5YRp8oJbfEe8Xon7T-moWZyX7Xa3rc2TK4htXNJ7O7WcPwK4U46Bf_JCrd1a=w408-h306-k-no,Yes,"29.5142630,-98.4659479"
1,CAPNJIMS,Cap'n Jim's Fish & Chicken to Go,American,No,"2026 Pleasanton Rd, San Antonio, TX 78221",San Antonio,South Side,"https://www.google.com/maps/place/Cap'n+Jim's+Fish+%26+Chicken+to+Go/@29.355263,-98.5059479,17z/data=!4m15!1m8!3m7!1s0x865c586a2c989787:0xbe9563b1b8280c34!2s2026+Pleasanton+Rd,+San+Antonio,+TX+78221!3b1!8m2!3d29.3607232!4d-98.5035477!16s%2Fg%2F11c3q55119!3m5!1s0x865cf7df1c516d3f:0x91ad729599991746!8m2!3d29.3607075!4d-98.5035068!16s%2Fg%2F11clszmx7z?entry=ttu&g_ep=EgoyMDI1MDQwMi4xIKXMDSoASAFQAw%3D%3D",https://lh3.googleusercontent.com/p/AF1QipMSiX5R02uoBg-a9Y79AlC4z0d1KTWH6Zg-i0t_=w408-h306-k-no,Yes,"29.3552630,-98.5059479"
1,CASAMÍAI,Casa Mía Italian restaurant,Italian,No,"4723 Rigsby Ave Suite 111, San Antonio, TX 78222",San Antonio,Southeast Side,"https://www.google.com/maps/place/Casa+M%C3%ADa+Italian+restaurant/@29.3987663,-98.4013812,17z/data=!4m15!1m8!3m7!1s0x865cf6cd07f08c25:0x1cbdf792f47a06ad!2s4723+Rigsby+Ave,+San+Antonio,+TX+78222!3b1!8m2!3d29.3987663!4d-98.3991925!16s%2Fg%2F11q40465sx!3m5!1s0x865cf6cda6214b71:0x3fd394fcc4ab5411!8m2!3d29.3987663!4d-98.3991925!16s%2Fg%2F11vf6c6rx3?entry=ttu&g_ep=EgoyMDI1MDQwMi4xIKXMDSoASAFQAw%3D%3D",https://lh3.googleusercontent.com/p/AF1QipNxOd79hNsZ7V8YWWMRBGiMSa3gEvG1gcxrdvrq=w533-h240-k-no,Yes,"29.3987663,-98.4013812"
1,CHESCHIC,Che's Chicken & Burgers,"American, Fried Chicken",No,"4303 S Presa St #1045, San Antonio, TX 78223",San Antonio,South Side,"https://www.google.com/maps/place/Che's+Chicken+%26+Burgers/@29.3811036,-98.4798396,17z/data=!4m15!1m8!3m7!1s0x865cf62cb9572413:0xf739d09f96f96bd!2s4303+S+Presa+St,+San+Antonio,+TX+78223!3b1!8m2!3d29.3810704!4d-98.4777039!16s%2Fg%2F11bw4lz592!3m5!1s0x865cf62cbfa65ddb:0x8ab7bccbdc2db192!8m2!3d29.3811036!4d-98.4776509!16s%2Fg%2F1tdk0_r8?entry=ttu&g_ep=EgoyMDI1MDQwMi4xIKXMDSoASAFQAw%3D%3D",https://lh3.googleusercontent.com/p/AF1QipP4Nec8Or3WQkHWwxEmk90ctR26w3DztbBm_BZh=w408-h544-k-no,Yes,"29.3811036,-98.4798396"
1,CHINABOW,China Bowl,Chinese,No,"1361 S Main St # 301, Boerne, TX 78006",Boerne,Boerne (Downtown),"https://www.google.com/maps/place/China+Bowl/@29.7792071,-98.7267379,17z/data=!4m15!1m8!3m7!1s0x865c76b55ca33b85:0xda8f512e947a9798!2s1361+S+Main+St,+Boerne,+TX+78006!3b1!8m2!3d29.7792071!4d-98.7267379!16s%2Fg%2F11f03kznlm!3m5!1s0x865c76b54487c48f:0x571ec8cc3111d832!8m2!3d29.7792196!4d-98.7268184!16s%2Fg%2F1tk8cjr3?entry=ttu&g_ep=EgoyMDI1MDQwMi4xIKXMDSoASAFQAw%3D%3D",https://lh3.googleusercontent.com/p/AF1QipMfEfBh15kY-lqr4SNTa1RvIM_lMJKTFL1eMj7k=w427-h240-k-no,Yes,"29.7792071,-98.7267379"
1,COMFORTC,Comfort Cafe,"American, Cafe",No,"6812 Bandera Rd, San Antonio, TX 78238",San Antonio,Leon Valley,"https://www.google.com/maps/place/Comfort+Cafe+San+Antonio+-+Bandera/@29.4957571,-98.62118,17z/data=!3m1!5s0x865c5d70c9413743:0xfe5910dc0f139701!4m15!1m8!3m7!1s0x865c5d7736a57779:0x4a6a1f1d13312bc3!2s6812+Bandera+Rd,+San+Antonio,+TX+78238!3b1!8m2!3d29.4957571!4d-98.62118!16s%2Fg%2F11jncwxz59!3m5!1s0x865c5d138dca24eb:0xf677820f42928fb!8m2!3d29.4962911!4d-98.6215692!16s%2Fg%2F11v3_61f67?entry=ttu&g_ep=EgoyMDI1MDQwMi4xIKXMDSoASAFQAw%3D%3D",https://lh3.googleusercontent.com/p/AF1QipMDSM3KusQKNBtlvC14KeqKsTEakrOlCzdnEUmZ=w426-h240-k-no,Yes,"29.4957571,-98.6211800"
1,CORUS471,Corus 471 Grill,"American, Grill",No,"2204 FM471, Castroville, TX 78009",Castroville,Castroville,"https://www.google.com/maps/place/Cora's+471+Grill/@29.391373,-98.8901743,17z/data=!4m15!1m8!3m7!1s0x865c392e38411839:0x81810d37a09e5b2e!2s2204+FM471,+Castroville,+TX+78009!3b1!8m2!3d29.391373!4d-98.8901743!16s%2Fg%2F11bw4mfxw4!3m5!1s0x865c392e0b732e2d:0xdade3ade94998788!8m2!3d29.3913762!4d-98.8902008!16s%2Fg%2F1v9lc5wh?entry=ttu&g_ep=EgoyMDI1MDQwMi4xIKXMDSoASAFQAw%3D%3D",https://lh3.googleusercontent.com/p/AF1QipM7fcCN4mHP6Mi4aObZ_q49YZJSXAauXK5HsvWp=w493-h240-k-no,Yes,"29.3913730,-98.8901743"
1,CUBA1918,Cuba 1918,Cuban,No,"2809 W Southcross Blvd, San Antonio, TX 78211",San Antonio,South Side,"https://www.google.com/maps/place/Cuba+1918/@29.3693709,-98.5609193,17z/data=!3m1!4b1!4m6!3m5!1s0x865c594c0fa0a90b:0x5dc3ae5dc1624bbe!8m2!3d29.3693662!4d-98.5583444!16s%2Fg%2F11sr6_609y?entry=ttu&g_ep=EgoyMDI1MDQwMi4xIKXMDSoASAFQAw%3D%3D",https://lh3.googleusercontent.com/p/AF1QipN_wKgH11FmAOP1BtI-3QkC0zEAeXCdmhD4vY8w=w408-h547-k-no,Yes,"29.3693709,-98.5609193"
1,CURRYBOYTH,Curry Boys BBQ (Tobin Hill),"BBQ, Fusion",No,"536 E Courtland Pl, San Antonio, TX 78212",San Antonio,Tobin Hill,"https://www.google.com/maps/place/Curry+Boys+BBQ/@29.4478628,-98.4906158,17z/data=!3m1!4b1!4m6!3m5!1s0x865c5f1bd8e8b961:0xfaae01922b0b4a3e!8m2!3d29.4478582!4d-98.4880409!16s%2Fg%2F11qmc4bt7n?entry=ttu&g_ep=EgoyMDI1MDQwMi4xIKXMDSoASAFQAw%3D%3D",https://lh3.googleusercontent.com/p/AF1QipO2IREQRKLlxTHk4WhouPWWruMWSI4kNPa9v3SB=w408-h544-k-no,Yes,"29.4478628,-98.4906158"
1,CURRYBOYSO,Curry Boys BBQ (Stone Oak),"BBQ, Fusion",No,"19903 Stone Oak Pkwy Suite 101, San Antonio, TX 78258",San Antonio,Stone Oak,"https://www.google.com/maps/place/Curry+Boys+BBQ/@29.6763337,-98.4807042,12.29z/data=!4m6!3m5!1s0x865c6321d0e2e90d:0x75896389b71b5a0f!8m2!3d29.642211!4d-98.4908511!16s%2Fg%2F11y5pm3_rb?entry=ttu&g_ep=EgoyMDI1MDQwMi4xIKXMDSoASAFQAw%3D%3D",https://lh3.googleusercontent.com/p/AF1QipNkSf7x8hWp4Q04MZCRlZDP6u6mXM3C6BoJTrl3=w426-h240-k-no,Yes,"29.6763337,-98.4807042"
1,DARKSIDE,Darkside Brick Oven Pizza Co,"Italian, Pizza",No,"25 Truss Dr, Boerne, TX 78006",Boerne,Boerne (Fair Oaks Ranch),"https://www.google.com/maps/place/Darkside+Brick+Oven+Pizza+Co/@29.813195,-98.6253909,17z/data=!3m1!4b1!4m6!3m5!1s0x865c79bca8fcd2e5:0xdf677c1d98582c45!8m2!3d29.813195!4d-98.622816!16s%2Fg%2F11kpgvf3kk?entry=ttu&g_ep=EgoyMDI1MDQwMi4xIKXMDSoASAFQAw%3D%3D",https://lh3.googleusercontent.com/p/AF1QipMh78Ri-Z3H0FdJ-_N7J6HpqWqIo7MqRXeIYN0y=w408-h306-k-no,Yes,"29.8131950,-98.6253909"
1,DONPEDRO,Don Pedro Mexican Restaurant,Mexican,No,"1526 SW Military Dr, San Antonio, TX 78221",San Antonio,South Side,"https://www.google.com/maps/place/Don+Pedro+Mexican+Restaurant/@29.3562481,-98.5198642,17z/data=!3m1!4b1!4m6!3m5!1s0x865c584870ffd9db:0x1184aec209dc665b!8m2!3d29.3562481!4d-98.5172893!16s%2Fm%2F0521px2?entry=ttu&g_ep=EgoyMDI1MDQwMi4xIKXMDSoASAFQAw%3D%3D",https://lh3.googleusercontent.com/p/AF1QipMfF_LmTZVx5T8AsYlHnx3GHaotZDGxJ8ih8mQV=w408-h409-k-no,Yes,"29.3562481,-98.5198642"
1,ELBUCANE,El Bucanero - Marbach,Mexican,No,"8300 Marbach Rd, San Antonio, TX 78227",San Antonio,West Side,"https://www.google.com/maps/place/El+Bucanero+-+Marbach/@29.4167662,-98.6577482,17z/data=!3m1!4b1!4m6!3m5!1s0x865c5caa3a9d3441:0x5da4d2df7042ae21!8m2!3d29.4167616!4d-98.6551733!16s%2Fg%2F11dft0zswk?entry=ttu&g_ep=EgoyMDI1MDQwMi4xIKXMDSoASAFQAw%3D%3D",https://lh3.googleusercontent.com/p/AF1QipOi6EeFHcJjZbRMIrRh4WgxlDXM91BDRcMefP1M=w408-h306-k-no,Yes,"29.4167662,-98.6577482"
1,ELCHAPAR,El Chaparral Mexican Restaurant,Mexican,Yes,"15103 Bandera Rd, Helotes, TX 78023",Helotes,Helotes,"https://www.google.com/maps/place/El+Chaparral+Mexican+Restaurant+-+Helotes/@29.5834372,-98.6944782,17z/data=!4m15!1m8!3m7!1s0x865c68da956788cb:0xfd1eb13af949bb75!2s15103+Bandera+Rd,+Helotes,+TX+78023!3b1!8m2!3d29.5834372!4d-98.6944782!16s%2Fg%2F11bw4004w9!3m5!1s0x865c68da95fd0acf:0xfca5dbcc4f5ee1da!8m2!3d29.5834575!4d-98.6945248!16s%2Fg%2F1tjhy24d?entry=ttu&g_ep=EgoyMDI1MDQwMi4xIKXMDSoASAFQAw%3D%3D",https://lh3.googleusercontent.com/p/AF1QipM84UXGm_KIh_pdQlgTVnzRaiDothX-sM3UZ_C0=w408-h271-k-no,Yes,"29.5834372,-98.6944782"
1,ELMIRASO,El Mirasol At Napa Oaks,Mexican,Yes,"27650 I-10 Suite 115, Boerne, TX 78015",Boerne,Boerne (greater Boerne area),"https://www.google.com/maps/place/El+Mirasol+At+Napa+Oaks/@29.7098924,-98.6596838,17z/data=!4m15!1m8!3m7!1s0x865c7aa11e363b89:0x450cb73eb8ee09a1!2s27650+I-10,+Boerne,+TX+78015!3b1!8m2!3d29.7096268!4d-98.6572107!16s%2Fg%2F11vhgyckvp!3m5!1s0x865c7bc727ca264f:0x2f120f237fdd9a9d!8m2!3d29.7098924!4d-98.6574951!16s%2Fg%2F11stg306y8?entry=ttu&g_ep=EgoyMDI1MDQwMi4xIKXMDSoASAFQAw%3D%3D",https://lh3.googleusercontent.com/p/AF1QipMhGKZ2pCgjK3eWDN4kApfF0h9owYx_PKUVTn4l=w408-h408-k-no,Yes,"29.7098924,-98.6596838"
1,ELMONTEB,El Monte BBQ,"Mexican, BBQ",No,"6526 Bandera Rd, San Antonio, TX 78238",San Antonio,Leon Valley,"https://www.google.com/maps/place/El+Monte+BBQ/@29.4924407,-98.6158503,17z/data=!4m15!1m8!3m7!1s0x865c5d9dfecdd9cf:0x4a962d3a10516b4c!2s6526+Bandera+Rd,+San+Antonio,+TX+78238!3b1!8m2!3d29.4924407!4d-98.6158503!16s%2Fg%2F11bw3_nyql!3m5!1s0x865c5d9dfece23a1:0x9f03abb7d23aa00b!8m2!3d29.492423!4d-98.61586!16s%2Fg%2F11f322r8d8?entry=ttu&g_ep=EgoyMDI1MDQwMi4xIKXMDSoASAFQAw%3D%3D",https://lh3.googleusercontent.com/p/AF1QipOr6izPc5lLHFBNOW7ksUT6mblSaboqwAKaQfAU=w408-h371-k-no,Yes,"29.4924407,-98.6158503"
1,ELRANCHI,El Ranchito,Mexican,No,"19530 US-281, San Antonio, TX 78221",San Antonio,South Side,"https://www.google.com/maps/place/The+Ranchito/@29.2291527,-98.4774539,17z/data=!4m15!1m8!3m7!1s0x865cff5a926afae5:0x19ff3e3cbd347ae6!2s19530+US-281,+San+Antonio,+TX+78221!3b1!8m2!3d29.2291554!4d-98.4752223!16s%2Fg%2F11bw3xsgmb!3m5!1s0x865cff2092de58b7:0xce6b5716cf959a20!8m2!3d29.2291527!4d-98.4752652!16s%2Fg%2F11vcvdc0f0?entry=ttu&g_ep=EgoyMDI1MDQwMi4xIKXMDSoASAFQAw%3D%3D",https://lh3.googleusercontent.com/p/AF1QipOctOgewiQY_0OVt9TOJmnRHKCHYXLfi_hvyvqG=w408-h306-k-no,Yes,"29.2291527,-98.4774539"
1,EMPANADA,Empanadas De Aca (EDA),"Latin, Colombian",No,"9703 Bandera Rd suite 303 B, San Antonio, TX 78250",San Antonio,Northwest Side,"https://www.google.com/maps/place/Empanadas+De+Ac%C3%A1+-+ED%C3%81/@29.5327357,-98.6549479,17z/data=!4m16!1m9!3m8!1s0x865c67c350092313:0x1eb824ce7a903015!2s9703+Bandera+Rd,+San+Antonio,+TX+78250!3b1!8m2!3d29.5352496!4d-98.648031!10e3!16s%2Fg%2F11c5jqhsbd!3m5!1s0x865c67ded2730691:0x5204b39812cd790!8m2!3d29.5352496!4d-98.648031!16s%2Fg%2F11y1slmmhk?entry=ttu&g_ep=EgoyMDI1MDQwMi4xIKXMDSoASAFQAw%3D%3D",https://lh3.googleusercontent.com/p/AF1QipOKKQRNsYQuGGE0RuOdcmMqojbFCRd8gwKAHJLa=w408-h306-k-no,Yes,"29.5327357,-98.6549479"
1,FATBOTTO,Fat Bottom Grill,"American, Food Truck, Burger",No,"621 Chandler St, Blanco, TX 78606",Blanco,Blanco (Downtown),"https://www.google.com/maps/place/Fat+Bottom+Grill/@30.095614,-98.425614,17z/data=!4m15!1m8!3m7!1s0x865b77422c196953:0xc2214f967e84071d!2s621+Chandler+St,+Blanco,+TX+78606!3b1!8m2!3d30.0905642!4d-98.4161093!16s%2Fg%2F11c1bvc3tz!3m5!1s0x865b778954d9d68d:0x76b720b52c3b34ed!8m2!3d30.0905642!4d-98.4161093!16s%2Fg%2F11vb3b1klt?entry=ttu&g_ep=EgoyMDI1MDQwMi4xIKXMDSoASAFQAw%3D%3D",https://lh3.googleusercontent.com/p/AF1QipPmePtyVK1xlp8QKED8MXt4D1ZlSwmxWz3VaPyW=w408-h293-k-no,Yes,"30.0956140,-98.4256140"
1,FLORIOSP,Florio's Pizza,"Pizza, Italian",No,"7701 Broadway, San Antonio, TX 78209",San Antonio,Alamo Heights,"https://www.google.com/maps/place/Florio's+Pizza+Inc,/@29.5017357,-98.4659479,17z/data=!4m15!1m8!3m7!1s0x865cf541666f8279:0x17a4a51cf2cb118a!2s7701+Broadway,+San+Antonio,+TX+78209!3b1!8m2!3d29.499817!4d-98.4671821!16s%2Fg%2F11b8v4j3fm!3m5!1s0x865cf5415fb11e71:0xee440a384633635a!8m2!3d29.4997353!4d-98.4674603!16s%2Fg%2F1tdlc44k?entry=ttu&g_ep=EgoyMDI1MDQwMi4xIKXMDSoASAFQAw%3D%3D",https://lh3.googleusercontent.com/p/AF1QipNVVm-68W9w9__MW6qAXQ0cV9LyiCiC00WOWG7J=w408-h306-k-no,Yes,"29.5017357,-98.4659479"
1,GARCIASB,Garcia’s Barbecue,BBQ,No,"9390 Huebner Rd, San Antonio, TX 78240",San Antonio,Northwest Side,"https://www.google.com/maps/place/Garcia+Barbecue/@29.5299495,-98.5929858,17z/data=!4m15!1m8!3m7!1s0x865c6741c6b6d5c3:0x91cfcc96e68e91fc!2s9390+Huebner+Rd,+San+Antonio,+TX+78240!3b1!8m2!3d29.5299495!4d-98.5929858!16s%2Fg%2F11pw0hh7c5!3m5!1s0x865c673c41d808c5:0xdeedc5b6e847ff33!8m2!3d29.5298375!4d-98.5931432!16s%2Fg%2F11ht6p41v1?entry=ttu&g_ep=EgoyMDI1MDQwMi4xIKXMDSoASAFQAw%3D%3D",https://lh3.googleusercontent.com/p/AF1QipPd9LTsy0dVWgszJWJ15wXZkqV86ttxcqaLN5-u=w408-h544-k-no,Yes,"29.5299495,-98.5929858"
1,GARCIASM,Garcia's Mexican Food,Mexican,No,"842 Fredericksburg Rd, San Antonio, TX 78201",San Antonio,West Side,"https://www.google.com/maps/place/Garcia's+Mexican+Food+To+Go/@29.4467357,-98.5199479,17z/data=!4m15!1m8!3m7!1s0x865c5f16c6f49879:0x276cc85af5d46ffd!2s842+Fredericksburg+Rd,+San+Antonio,+TX+78201!3b1!8m2!3d29.4517376!4d-98.5133157!16s%2Fg%2F11b8vgp4gb!3m5!1s0x865c5f16c6f18d63:0x243bce48bd434345!8m2!3d29.4517414!4d-98.5133213!16s%2Fg%2F1tf_nqp6?entry=ttu&g_ep=EgoyMDI1MDQwMi4xIKXMDSoASAFQAw%3D%3D",https://lh3.googleusercontent.com/p/AF1QipMIOAkgBkHH7M0haaErYpR8peefFdd1spe2cpUw=w408-h306-k-no,Yes,"29.4467357,-98.5199479"
1,GENNAROS,Gennaro’s Trattoria,Italian,No,"10018 Startz Rd, Canyon Lake, TX 78133",New Braunfels,Canyon Lake Area,"https://www.google.com/maps/place/Gennaro's+Trattoria/@29.8400548,-98.2764416,16z/data=!3m2!4b1!5s0x865c9cf05cdb28b3:0x4e952128347ead6e!4m6!3m5!1s0x865c9cf05c1a220f:0xdac52efdb75a079f!8m2!3d29.8400502!4d-98.2738667!16s%2Fg%2F11h0xb73s?entry=ttu&g_ep=EgoyMDI1MDQwMi4xIKXMDSoASAFQAw%3D%3D",https://lh3.googleusercontent.com/p/AF1QipOKq8wtL1raoG9GySsssODkN8ee7UB5Q5GD_TQW=w408-h306-k-no,Yes,"29.8400548,-98.2764416"
1,GINOSDEL,Gino's Deli,"Deli, American",No,"13210 Huebner Rd, San Antonio, TX 78230",San Antonio,Northwest Side,"https://www.google.com/maps/place/Gino's+Deli+@+Stop+%26+Buy/@29.5644436,-98.5575485,17z/data=!4m6!3m5!1s0x865c612683446f3f:0x39873d76b1621ebb!8m2!3d29.5644436!4d-98.5575485!16s%2Fg%2F1tc_92h2?entry=ttu&g_ep=EgoyMDI1MDQwMi4xIKXMDSoASAFQAw%3D%3D",https://lh3.googleusercontent.com/p/AF1QipPj9Rb4YFcRfXS_z-wapnl1mUFYza8DYagaDKLp=w408-h305-k-no,Yes,"29.5644436,-98.5575485"
1,GIUSEPPE,Giuseppe's Italian Grill Crestway,Italian,No,"5121 Crestway Dr, San Antonio, TX 78239",San Antonio,Windcrest,"https://www.google.com/maps/place/Giuseppe's+Italian+Grill+Crestway/@29.523928,-98.3907492,17z/data=!3m1!4b1!4m6!3m5!1s0x865c8d184ada599b:0x3d8cf8948de32a09!8m2!3d29.523928!4d-98.3881743!16s%2Fg%2F11vt1b0j8r?entry=ttu&g_ep=EgoyMDI1MDQwMi4xIKXMDSoASAFQAw%3D%3D",https://lh3.googleusercontent.com/p/AF1QipNCFvTWKAi-GcCbT1z2n26Z4fYZSYW2qMmUPdIr=w408-h306-k-no,Yes,"29.5239280,-98.3907492"
1,GUILLERM,Guillermo’s,"Italian, Deli, Pizza",No,"618 McCullough Ave, San Antonio, TX 78215",San Antonio,Downtown SA/River Walk,"https://www.google.com/maps/place/Guillermo's/@29.4341462,-98.4875031,17z/data=!4m15!1m8!3m7!1s0x865c5f56fd7cae85:0x26ec29c334dd3a78!2s618+McCullough+Ave,+San+Antonio,+TX+78215!3b1!8m2!3d29.4341462!4d-98.4875031!16s%2Fg%2F11bw500730!3m5!1s0x865c5f56fd5d10c5:0x1a0e307d37bd0fd5!8m2!3d29.4341831!4d-98.4875436!16s%2Fg%2F1ty74pds?entry=ttu&g_ep=EgoyMDI1MDQwMi4xIKXMDSoASAFQAw%3D%3D",https://lh3.googleusercontent.com/p/AF1QipOiL-oYx0blgO2tV3FAMoXhkgXgdOaWmGMJpXxB=w408-h408-k-no,Yes,"29.4341462,-98.4875031"
1,HONDOSON,Hondo’s on Main,American,No,"312 W Main St, Fredericksburg, TX 78624",Fredericksburg,Fredericksburg (Downtown),"https://www.google.com/maps/place/Hondo's+On+Main/@30.2782158,-98.8760872,17z/data=!4m15!1m8!3m7!1s0x865bc0fea08ff433:0xd3e6225badcc245f!2s312+W+Main+St,+Fredericksburg,+TX+78624!3b1!8m2!3d30.2782158!4d-98.8760872!16s%2Fg%2F11b8vgmn7c!3m5!1s0x865bc0fea03f3b53:0x59ef0a1a5029a600!8m2!3d30.2781544!4d-98.8761247!16s%2Fg%2F11b77jrt10?entry=ttu&g_ep=EgoyMDI1MDQwMi4xIKXMDSoASAFQAw%3D%3D",https://lh3.googleusercontent.com/p/AF1QipMdxPgxjBcSnn8YMMVEtx2Uoyw2PkMCuvdrUODK=w408-h306-k-no,Yes,"30.2782158,-98.8760872"
1,INDIAPAL,India Palace,Indian,No,"8474 Fredericksburg Rd Ste 100, San Antonio, TX 78229",San Antonio,Medical Center,"https://www.google.com/maps/place/India+Palace/@29.5198466,-98.5740914,17z/data=!3m1!4b1!4m6!3m5!1s0x865c675346509345:0x99e70d4518963981!8m2!3d29.519842!4d-98.5715165!16s%2Fg%2F1vxf_lhx?entry=ttu&g_ep=EgoyMDI1MDQwMS4wIKXMDSoASAFQAw%3D%3D",https://lh3.googleusercontent.com/p/AF1QipPaOR5h5maxhvY8daDmYmB4mRipbuVNeS67TGVl=w408-h306-k-no,Yes,"29.5198466,-98.5740914"
1,INDIATAJ,India Taj Palace,Indian,No,"20323 Huebner Rd, San Antonio, TX 78258",San Antonio,Stone Oak,"https://www.google.com/maps/place/India+Taj+Palace/@29.6275169,-98.4938078,17z/data=!4m15!1m8!3m7!1s0x865c620dc2bb0369:0xf7f7afd52ac1683d!2s20323+Huebner+Rd,+San+Antonio,+TX+78258!3b1!8m2!3d29.6275169!4d-98.4938078!16s%2Fg%2F11bw3zhl5y!3m5!1s0x865c620dc6d3461d:0x9677227ed449c49b!8m2!3d29.6275613!4d-98.4936739!16s%2Fg%2F1tngqqb3?entry=ttu&g_ep=EgoyMDI1MDQwMi4xIKXMDSoASAFQAw%3D%3D",https://lh3.googleusercontent.com/p/AF1QipMNEM1qXmLJbQ3Aup37v3XrxCCA64tOtTSP6IFn=w408-h272-k-no,Yes,"29.6275169,-98.4938078"
1,INSPIRIA,Inspiriamo Pizza Lounge,Pizza,No,"4109 Fredericksburg Rd, San Antonio, TX 78229",San Antonio,Northwest Side,"https://www.google.com/maps/place/Inspiriamo+Pizza+Lounge/@29.4852362,-98.5472497,17z/data=!4m15!1m8!3m7!1s0x865c5e417fb1016d:0xf7c0ea0f01c8a6fe!2s4109+Fredericksburg+Rd,+Balcones+Heights,+TX+78201!3b1!8m2!3d29.4852362!4d-98.5472497!16s%2Fg%2F11c3q4q532!3m5!1s0x865c5f007292a947:0xa5058aa0d95acbcf!8m2!3d29.4852362!4d-98.5472497!16s%2Fg%2F11y6f581ds?entry=ttu&g_ep=EgoyMDI1MDQwMi4xIKXMDSoASAFQAw%3D%3D",https://lh3.googleusercontent.com/p/AF1QipMSQ_47xYXLT11YWqHE0078z1qnbsw3h-XuOdhY=w408-h306-k-no,Yes,"29.4852362,-98.5472497"
1,JACKSCHO,Jack's Chop House,"Steakhouse, American",No,"505 W Main St, Fredericksburg, TX 78624",Fredericksburg,Fredericksburg (Downtown),"https://www.google.com/maps/place/Jack's+Chophouse/@30.275263,-98.8759479,17z/data=!4m15!1m8!3m7!1s0x865bc0fd8ff2ee29:0x4323abafc1a51643!2s505+W+Main+St,+Fredericksburg,+TX+78624!3b1!8m2!3d30.2801273!4d-98.8798107!16s%2Fg%2F11b8zjq3z5!3m5!1s0x865bc1ba1c80f10f:0xb16ac1bf69a77df6!8m2!3d30.2801273!4d-98.8798107!16s%2Fg%2F11shvhbmdn?entry=ttu&g_ep=EgoyMDI1MDQwMi4xIKXMDSoASAFQAw%3D%3D",https://lh3.googleusercontent.com/p/AF1QipPxi3WOj_HZQ9rYoM72Conzxov7HRnV7-iobf6K=w408-h544-k-no,Yes,"30.2752630,-98.8759479"
1,JULIANSIAH,Julian's Italian Pizzeria and Kitchen (Alamo Heights),"Italian, Pizza",Yes,"6462 N New Braunfels Ave, San Antonio, TX 78209",San Antonio,Alamo Heights,"https://www.google.com/maps/place/Julian's+Italian+Pizzeria+%26+Kitchen/@29.4887357,-98.4659479,17z/data=!4m15!1m8!3m7!1s0x865cf51397524a33:0xd5dfc3600836af17!2s6462+N+New+Braunfels+Ave,+San+Antonio,+TX+78209!3b1!8m2!3d29.4895895!4d-98.4588367!16s%2Fg%2F11rnfclhj8!3m5!1s0x865cf51397565bf7:0x1acd23bd80d4b759!8m2!3d29.4895746!4d-98.4588608!16s%2Fg%2F11c5rtst20?entry=ttu&g_ep=EgoyMDI1MDQwMi4xIKXMDSoASAFQAw%3D%3D",https://lh3.googleusercontent.com/p/AF1QipME-ewDIxt96d4ttoeNwd0HCVfQOjVLxy4udp2E=w408-h306-k-no,Yes,"29.4887357,-98.4659479"
1,KIRBYSKO,Kirby's Korner Restaurant,"American, Burger",No,"606 N Hwy 123 Bypass, Seguin, TX 78155",Seguin,Seguin,"https://www.google.com/maps/place/Kirby's+Korner+Restaurant/@29.5737075,-97.9444606,17z/data=!3m1!4b1!4m6!3m5!1s0x865cb7eb4602ca8f:0xe93745f7238210dd!8m2!3d29.5737075!4d-97.9418857!16s%2Fg%2F1tfh5256?entry=ttu&g_ep=EgoyMDI1MDQwMi4xIKXMDSoASAFQAw%3D%3D",https://lh3.googleusercontent.com/p/AF1QipO4YbuZbXV1ee6PKx21KFrc7K5uoC2hBxiuC_39=w408-h306-k-no,Yes,"29.5737075,-97.9444606"
1,KOREANAR,Koreana Restaurant,Korean,No,"2458 Harry Wurzbach Rd, San Antonio, TX 78209",San Antonio,Terrell Hills,"https://www.google.com/maps/place/Koreana+Restaurant/@29.4869552,-98.4293568,17z/data=!4m15!1m8!3m7!1s0x865cf4efffbb528b:0xaf5b3e1026c95676!2s2458+Harry+Wurzbach+Rd,+San+Antonio,+TX+78218!3b1!8m2!3d29.4869552!4d-98.4293568!16s%2Fg%2F11bw3xqqfg!3m5!1s0x865cf4e5559d874b:0x2d3b14f47dfbdad6!8m2!3d29.4868938!4d-98.4295682!16s%2Fg%2F1vqth66r?entry=ttu&g_ep=EgoyMDI1MDQwMi4xIKXMDSoASAFQAw%3D%3D",https://lh3.googleusercontent.com/p/AF1QipMoQqpjXG1OPkH7e1abfZY-0r9gXtGmFaCttGzT=w408-h306-k-no,Yes,"29.4869552,-98.4293568"
1,LALASGOR,Lala’s Gorditas,Mexican,No,"1600 Roosevelt Ave, San Antonio, TX 78210",San Antonio,Southtown,"https://www.google.com/maps/place/Lala's+Gorditas/@29.387484,-98.4880063,17z/data=!4m6!3m5!1s0x865c597fc029472f:0x56b3d72bd2feadf1!8m2!3d29.3874794!4d-98.4854314!16s%2Fg%2F11h3fv3fqw?entry=ttu&g_ep=EgoyMDI1MDQwMi4xIKXMDSoASAFQAw%3D%3D",https://lh3.googleusercontent.com/p/AF1QipMANS0owfbeRCbShYgJQYzQOsseGRy8UAz2gTLN=w408-h296-k-no,No,"29.3874840,-98.4880063"
1,LAMARGAR,La Margarita Mexican Restaurant & Oyster Bar,Mexican,Yes,"120 Produce Row, San Antonio, TX 78207",San Antonio,Downtown SA/River Walk,"https://www.google.com/maps/place/La+Margarita+Mexican+Restaurant+%26+Oyster+Bar/@29.4257365,-98.4971351,17z/data=!4m15!1m8!3m7!1s0x865c5f4ccb74a355:0xfed76fc388f795a4!2s120+Produce+Row,+San+Antonio,+TX+78207!3b1!8m2!3d29.4249719!4d-98.4991158!16s%2Fg%2F11bw430pwd!3m5!1s0x865c5f4ccb7388e3:0x19d24fcc4e3cc5a6!8m2!3d29.4249299!4d-98.4990776!16s%2Fg%2F1tg6kzmv?entry=ttu&g_ep=EgoyMDI1MDQwMi4xIKXMDSoASAFQAw%3D%3D",https://lh3.googleusercontent.com/p/AF1QipOIz4O1gI3QMHgBd1LZA25IJf2LWb86D8Tpbf4G=w408-h271-k-no,Yes,"29.4257365,-98.4971351"
1,LITTLEIT,Little Italy Restaurant & Pizzeria,"Italian, Italian",No,"824 Afterglow St, San Antonio, TX 78216",San Antonio,Northeast Side,"https://www.google.com/maps/place/Little+Italy+Restaurant+%26+Pizzeria/@29.5470539,-98.5064152,17z/data=!4m15!1m8!3m7!1s0x865c604762491a73:0xdf70d1417ab0a34e!2s824+Afterglow+St,+San+Antonio,+TX+78216!3b1!8m2!3d29.5470539!4d-98.5064152!16s%2Fg%2F11b8z2yvcv!3m5!1s0x865c60477a58b2a1:0xef9544657723047a!8m2!3d29.547086!4d-98.506392!16s%2Fg%2F1hg4yv71n?entry=ttu&g_ep=EgoyMDI1MDQwMi4xIKXMDSoASAFQAw%3D%3D",https://lh3.googleusercontent.com/p/AF1QipNMDGg9sgr7qeLGuKys_qrvMZZuNtwW7FHh37E=w408-h272-k-no,Yes,"29.5470539,-98.5064152"
1,MAHARPER,Ma Harper's Creole Kitchen,Creole,No,"1816 N New Braunfels Ave, San Antonio, TX 78208",San Antonio,East Side,"https://www.google.com/maps/place/Ma+Harper's+Creole+Kitchen/@29.4432083,-98.4629479,17z/data=!4m15!1m8!3m7!1s0x865cf5c2f3c515af:0x7f6e0d398aa10e19!2s1816+N+New+Braunfels+Ave,+San+Antonio,+TX+78208!3b1!8m2!3d29.4411017!4d-98.4607859!16s%2Fg%2F11b8v471h_!3m5!1s0x865cf5c2f2ee6373:0xf84d0d7f32847ae0!8m2!3d29.4411694!4d-98.4607833!16s%2Fg%2F1pv6pszhs?entry=ttu&g_ep=EgoyMDI1MDQwMi4xIKXMDSoASAFQAw%3D%3D",https://lh3.googleusercontent.com/p/AF1QipPWs69VydSRBC1tbyHk0qfHTa443GgS2wukyr2p=w408-h306-k-no,Yes,"29.4432083,-98.4629479"
1,MAKOSONT,Mako's on the Creek,Mediterranean,No,"169 Buffalo Pl, Cibolo, TX 78108",Cibolo,Cibolo,"https://www.google.com/maps/place/Mako's+on+the+Creek/@29.561263,-98.2339479,17z/data=!4m15!1m8!3m7!1s0x865c936ac749e02d:0xe277d425b144037c!2s169+Buffalo+Pl,+Cibolo,+TX+78108!3b1!8m2!3d29.5577103!4d-98.2421463!16s%2Fg%2F11p_836h5v!3m5!1s0x865c9346a3dd37ef:0x17fafa1f54ea030e!8m2!3d29.5576744!4d-98.2421798!16s%2Fg%2F11h46c81nf?entry=ttu&g_ep=EgoyMDI1MDQwMi4xIKXMDSoASAFQAw%3D%3D",https://lh3.googleusercontent.com/p/AF1QipMZ4N0Dbw0k7AoaYjFiFiU2jniOjb0NC3gKoISQ=w426-h240-k-no,Yes,"29.5612630,-98.2339479"
1,MAPLEWAF,Maple Waffles,"American, Breakfast",No,"1501 W Theo Ave, San Antonio, TX 78225",San Antonio,West Side,"https://www.google.com/maps/place/Maple+Waffles/@29.3888996,-98.5355704,17z/data=!4m15!1m8!3m7!1s0x865c591ca52ee8a7:0xfca7f9220180f199!2s1501+W+Theo+Ave,+San+Antonio,+TX+78225!3b1!8m2!3d29.3888996!4d-98.5329955!16s%2Fg%2F11pvcvb8zt!3m5!1s0x865c590029e52575:0x3406f94bff8caa91!8m2!3d29.3889035!4d-98.5329968!16s%2Fg%2F11vq2jddjm?entry=ttu&g_ep=EgoyMDI1MDQwMi4xIKXMDSoASAFQAw%3D%3D",https://lh3.googleusercontent.com/p/AF1QipP4ALKDgUWsrudOIQxqQ0dS9p29B1VLSHe4u2EP=w408-h306-k-no,Yes,"29.3888996,-98.5355704"
1,MAREEMON,Mare E Monte Italian Restaurant (San Antonio),Italian,No,"9390 Huebner Rd, San Antonio, TX 78240",San Antonio,Northwest Side,"https://www.google.com/maps/place/Mare+E+Monte+Italian+Restaurant+(San+Antonio)/@29.5299495,-98.5929858,17z/data=!4m15!1m8!3m7!1s0x865c6741c6b6d5c3:0x91cfcc96e68e91fc!2s9390+Huebner+Rd,+San+Antonio,+TX+78240!3b1!8m2!3d29.5299495!4d-98.5929858!16s%2Fg%2F11pw0hh7c5!3m5!1s0x865c672eace1e0cf:0x3a0a74a32219e0f9!8m2!3d29.5298961!4d-98.5930676!16s%2Fg%2F11y3rh4tl3?entry=ttu&g_ep=EgoyMDI1MDQwMi4xIKXMDSoASAFQAw%3D%3D",https://lh3.googleusercontent.com/p/AF1QipNItzXyBXwvnfHOWEdtfC_abvuQ-hSMLLod8zRz=w408-h408-k-no,Yes,"29.5299495,-98.5929858"
1,MARIABON,Maria Bonita Mexican Restaurant,Mexican,No,"350 Northaven Dr, San Antonio, TX 78229",San Antonio,Medical Center,"https://www.google.com/maps/place/Maria+Bonita+Restaurant/@29.4954495,-98.5586049,17z/data=!4m15!1m8!3m7!1s0x865c5e13e4f5b2ef:0x889933a7ccc0f3a3!2s350+Northaven+Dr,+San+Antonio,+TX+78229!3b1!8m2!3d29.4954873!4d-98.5564752!16s%2Fg%2F11c1z3km1w!3m5!1s0x865c5fba59f0f621:0x8c4034106485b885!8m2!3d29.4954495!4d-98.5564162!16s%2Fg%2F11q3v22b5s?entry=ttu&g_ep=EgoyMDI1MDQwMi4xIKXMDSoASAFQAw%3D%3D",https://lh3.googleusercontent.com/p/AF1QipMFz5nubw0b7QysN8md1SM7I_OVKmDzhkDu6F0q=w408-h271-k-no,Yes,"29.4954495,-98.5586049"
1,MAXLOUIE,Max & Louie’s New York Diner,Diner,No,"226 W Bitters Rd #126, San Antonio, TX 78216",San Antonio,North Central,"https://www.google.com/maps/place/Max+and+Louie's+New+York+Diner/@29.5652144,-98.4886982,17z/data=!3m1!4b1!4m6!3m5!1s0x865c61d516f61c75:0xa8fb27b554dc42c2!8m2!3d29.5652098!4d-98.4861233!16s%2Fg%2F11cs2f1hnn?entry=ttu&g_ep=EgoyMDI1MDQwMi4xIKXMDSoASAFQAw%3D%3D",https://lh3.googleusercontent.com/p/AF1QipN4OEe8Ay0_1Iej0hEjbEEE6gv6GpXO6Lh5pBRL=w408-h306-k-no,Yes,"29.5652144,-98.4886982"
1,MORTONST,Morton’s The Steakhouse,Steakhouse,Yes,"300 E Crockett St, San Antonio, TX 78205",San Antonio,Downtown SA/River Walk,"https://www.google.com/maps/place/Morton's+The+Steakhouse/@29.425614,-98.485614,17z/data=!4m15!1m8!3m7!1s0x865c58aaa4b2af31:0x9b0255e0ea3f842d!2s300+E+Crockett+St,+San+Antonio,+TX+78205!3b1!8m2!3d29.4246372!4d-98.4848896!16s%2Fg%2F11cncgd8ft!3m5!1s0x865c58aa8121136f:0xc489cd22f88ece4f!8m2!3d29.424646!4d-98.484935!16s%2Fg%2F1tgz5xfh?entry=ttu&g_ep=EgoyMDI1MDQwMi4xIKXMDSoASAFQAw%3D%3D",https://lh3.googleusercontent.com/p/AF1QipPRiNPjrfxpawdZc8H5rTXocNkYiurnXuDxS6YL=w408-h271-k-no,Yes,"29.4256140,-98.4856140"
1,MYRONSPR,Myron’s Prime Steakhouse,Steakhouse,Yes,"10003 NW Military Hwy, San Antonio, TX 78231",San Antonio,Alon Town Center,"https://www.google.com/maps/place/Myron's+Prime+Steakhouse/@29.5536816,-98.5392739,17z/data=!3m1!4b1!4m6!3m5!1s0x865c60fc1711d917:0x24feb6fc3eaefc64!8m2!3d29.553677!4d-98.536699!16s%2Fg%2F1tdb4q2v?entry=ttu&g_ep=EgoyMDI1MDQwMi4xIKXMDSoASAFQAw%3D%3D",https://lh3.googleusercontent.com/p/AF1QipOLmv3sryrHiWSMOgsLEpByRfJGTgwuNskRyBq9=w408-h271-k-no,Yes,"29.5536816,-98.5392739"
1,NICKSTAC,Nick’s Tacos & Catering,Mexican,No,"606 New Laredo Hwy, San Antonio, TX 78211",San Antonio,South Side,"https://www.google.com/maps/place/Nick's+Taco's+And+Catering/@29.3660103,-98.5481372,17z/data=!4m15!1m8!3m7!1s0x865c59a2ef828753:0x159fece8a44c7f2a!2s606+New+Laredo+Hwy,+San+Antonio,+TX+78211!3b1!8m2!3d29.3660103!4d-98.5481372!16s%2Fg%2F11bw4dvdwy!3m5!1s0x865c5f20d8c14063:0x37f55e759f4c7f28!8m2!3d29.3660103!4d-98.5481372!16s%2Fg%2F1tgq71y6?entry=ttu&g_ep=EgoyMDI1MDQwMi4xIKXMDSoASAFQAw%3D%3D",https://lh3.googleusercontent.com/p/AF1QipOWKMBR4RhC3d0dnVC0J7y-gMH1rFylJgdG9cxi=w426-h240-k-no,Yes,"29.3660103,-98.5481372"
1,NORTHERN,Northern D' Lights of Texas,"American, Diner",No,"1248 Farm-To-Market Rd 78 #101, Schertz, TX 78154",Schertz,Schertz,"https://www.google.com/maps/place/Northern+D'+Lights+of+Texas/@29.5583742,-98.2539004,17z/data=!3m1!4b1!4m6!3m5!1s0x865c9361820b6419:0x4dc98f3183a5da92!8m2!3d29.5583742!4d-98.2539004!16s%2Fg%2F11vwmkxsxn?entry=ttu&g_ep=EgoyMDI1MDQwMi4xIKXMDSoASAFQAw%3D%3D",https://lh3.googleusercontent.com/p/AF1QipNVxD7U3AbSZGagM1ALzKHxc1qNtifVp7boL5h7=w408-h544-k-no,Yes,"29.5583742,-98.2539004"
1,PASHAEXP,Pasha Express Mediterranean,Mediterranean,Yes,"10650 Culebra Rd, San Antonio, TX 78251",San Antonio,Alamo Ranch,"https://www.google.com/maps/place/Pasha+Express+Mediterranean/@29.4924608,-98.7022377,17z/data=!4m15!1m8!3m7!1s0x865c4287d9a3e045:0xa5e8833080b30ca4!2s10650+Culebra+Rd,+San+Antonio,+TX+78251!3b1!8m2!3d29.4924608!4d-98.7022377!16s%2Fg%2F11bw3xr918!3m5!1s0x865c4287d7855555:0xd5dde610c79aa535!8m2!3d29.492394!4d-98.7023276!16s%2Fg%2F11gg_wpw1q?entry=ttu&g_ep=EgoyMDI1MDQwMi4xIKXMDSoASAFQAw%3D%3D",https://lh3.googleusercontent.com/p/AF1QipOiyXtYxSDzxyH0sXd0lPG6U4SKZeB9bnBluby4=w408-h408-k-no,Yes,"29.4924608,-98.7022377"
1,PEGGYSON,Peggy’s on the Green,"American, Southern",No,"128 W Blanco Rd, Boerne, TX 78006",Boerne,Boerne (Downtown),"https://www.google.com/maps/place/Peggy's+on+the+Green/@29.7941824,-98.7338011,17z/data=!4m15!1m8!3m7!1s0x865c76bb83445b09:0xc3233de66fba2c23!2s128+W+Blanco+Rd,+Boerne,+TX+78006!3b1!8m2!3d29.7941824!4d-98.7338011!16s%2Fg%2F11bw3yj9bv!3m5!1s0x865c76bbf94e5c7b:0x6f960f89b9b6e02d!8m2!3d29.7940612!4d-98.733695!16s%2Fg%2F11c1ttb0r6?entry=ttu&g_ep=EgoyMDI1MDQwMi4xIKXMDSoASAFQAw%3D%3D",https://lh3.googleusercontent.com/p/AF1QipMGECPqLfM_s5YpKDa_67GomjGXW-FXNjHxi4SE=w408-h579-k-no,Yes,"29.7941824,-98.7338011"
1,PHOVNBIS,Pho VN Bistro,Vietnamese,No,"11503 NW Military Hwy #307, San Antonio, TX 78231",San Antonio,Alon Town Center,"https://www.google.com/maps/place/Pho+VN+Bistro/@29.5543675,-98.5388513,17z/data=!3m1!4b1!4m6!3m5!1s0x865c613346c143fb:0x5b730ca8f1d2b195!8m2!3d29.5543629!4d-98.5362764!16s%2Fg%2F11p0y_4wx8?entry=ttu&g_ep=EgoyMDI1MDQwMi4xIKXMDSoASAFQAw%3D%3D",https://lh3.googleusercontent.com/p/AF1QipNqw9GF-9r2SwjuTARxi9JHio8lNZMxEXmvLsnU=w408-h306-k-no,Yes,"29.5543675,-98.5388513"
1,PONCHOSM,Poncho’s Mexican Buffet,Mexican,Yes,Multiple locations (closed),San Antonio,Various,"N/A (closed chain, no active link)",https://upload.wikimedia.org/wikipedia/en/thumb/9/9c/Pancho%27s_New_Logo_2.png/300px-Pancho%27s_New_Logo_2.png,No,Not found
1,POPOTRAT,Po Po Trattoria Pizzeria - Huebner Road,"Italian, Pizza",Yes,"15614 Huebner Rd, San Antonio, TX 78248",San Antonio,Churchill Estates/North Central,"https://www.google.com/maps/place/Po+Po+Trattoria+Pizzeria+-+Huebner+Road/@29.5832869,-98.534455,16.5z/data=!4m15!1m8!3m7!1s0x865c6174bb3ed8bd:0x9a4032ead3a2d9c9!2s15614+Huebner+Rd,+San+Antonio,+TX+78248!3b1!8m2!3d29.584827!4d-98.5328374!16s%2Fg%2F11bw3fgl2s!3m5!1s0x865c61699ebfbbad:0x20fae1afbd016ca!8m2!3d29.5852687!4d-98.5328032!16s%2Fg%2F11rlp1758c?entry=ttu&g_ep=EgoyMDI1MDQwMi4xIKXMDSoASAFQAw%3D%3D",https://lh3.googleusercontent.com/p/AF1QipOy5xxNQtCf9EzGX3PsHsDRKTSIWfuW9Ss_yk4g=w408-h306-k-no,Yes,"29.5832869,-98.5344550"
1,REALREAL,Real Real Jamaica,"Caribbean, Jamaican",No,"6828 San Pedro Ave, San Antonio, TX 78216",San Antonio,North Central,"https://www.google.com/maps/place/Real+Real+Jamaica/@29.5030341,-98.4987712,17z/data=!4m15!1m8!3m7!1s0x865c5fef1b0491ff:0xb12dc3c2aa73ca3e!2s6828+San+Pedro+Ave,+San+Antonio,+TX+78216!3b1!8m2!3d29.5030341!4d-98.4987712!16s%2Fg%2F11b8v6x9n_!3m5!1s0x865cf7a295ec206b:0xfe5323e91d22c106!8m2!3d29.5030288!4d-98.4988708!16s%2Fg%2F11j7v8nw5l?entry=ttu&g_ep=EgoyMDI1MDQwMi4xIKXMDSoASAFQAw%3D%3D",https://lh3.googleusercontent.com/p/AF1QipO2gwGfcv33Z5rG-1hblTxXgoS8qqnB7d86y2Gh=w408-h432-k-no,Yes,"29.5030341,-98.4987712"
1,REDBUDCA,Redbud Cafe,"Cafe, American",No,"410 4th St, Blanco, TX 78606",Blanco,Blanco (Downtown),"https://www.google.com/maps/place/Redbud+Cafe/@30.0979126,-98.4242216,17z/data=!3m1!4b1!4m6!3m5!1s0x865b7714dd92005b:0x68a597e7378cae5b!8m2!3d30.097908!4d-98.4216467!16s%2Fg%2F1tfrblsx?entry=ttu&g_ep=EgoyMDI1MDQwMi4xIKXMDSoASAFQAw%3D%3D",https://lh3.googleusercontent.com/p/AF1QipMUC5wjeMvyt7lov9tEG1XS47Ud1AJh0tTAHyqp=w408-h544-k-no,Yes,"30.0979126,-98.4242216"
1,RIVULETK,Rivulet Kitchen and Bar,Mediterranean,No,"518 River Rd, Boerne, TX 78006",Boerne,Boerne (River Road),"https://www.google.com/maps/place/Rivulet+Kitchen+and+Bar/@29.7897708,-98.7269903,17z/data=!3m1!4b1!4m6!3m5!1s0x865c778a6b1cf61b:0x4eb77de394e3668f!8m2!3d29.7897708!4d-98.7244154!16s%2Fg%2F11y2r8pxrv?entry=ttu&g_ep=EgoyMDI1MDQwMi4xIKXMDSoASAFQAw%3D%3D",https://lh3.googleusercontent.com/p/AF1QipOh20t7vlbbeX5BXW0mqASKbqAaRBhv1A4k6_hN=w408-h306-k-no,No,"29.7897708,-98.7269903"
1,ROYALINN,Royal Inn Oriental Cuisine,Chinese,No,"5440 Babcock Rd, Suite 150, San Antonio, TX 78240",San Antonio,Northwest Side,"https://www.google.com/maps/place/Royal+Inn+Oriental+Cuisine/@29.5156885,-98.5945755,17z/data=!3m1!5s0x865c6760a584b9af:0xb792d7e6dc129152!4m15!1m8!3m7!1s0x865c6760b4055a3b:0xa9cfaf7a3cd4bdc!2s5440+Babcock+Rd,+San+Antonio,+TX+78240!3b1!8m2!3d29.5156885!4d-98.5945755!16s%2Fg%2F11bw3x5w0q!3m5!1s0x865c67d676f13fb7:0xdc976561848a7f83!8m2!3d29.5156885!4d-98.5945755!16s%2Fg%2F11r_nnktsb?entry=ttu&g_ep=EgoyMDI1MDQwMi4xIKXMDSoASAFQAw%3D%3D",https://lh3.googleusercontent.com/p/AF1QipNYDp7yGIFJbF4V9TsEO4CwB7WbJ8POz2Y0kVY5=w408-h306-k-no,Yes,"29.5156885,-98.5945755"
1,ROYERSRO,Royers Round Top Cafe,"American, Cafe",No,"105 Main St, Round Top, TX 78954",Round Top,Round Top,"https://www.google.com/maps/place/Royers+Round+Top+Caf%C3%A9/@30.0654701,-96.6974005,17z/data=!4m15!1m8!3m7!1s0x86440b9090b0d08f:0x33e7eb0e175862a7!2s105+Main+St,+Round+Top,+TX+78954!3b1!8m2!3d30.0655046!4d-96.6951906!16s%2Fg%2F11b8z3kv4k!3m5!1s0x86440b9090acb033:0xd6b7c56e40dd6d1f!8m2!3d30.0654701!4d-96.6952118!16s%2Fg%2F11bx8rnkwf?entry=ttu&g_ep=EgoyMDI1MDQwMi4xIKXMDSoASAFQAw%3D%3D",https://lh3.googleusercontent.com/p/AF1QipNFbrH9weVVljQES1Iq5elZEYasiMVzTRoywVrC=w408-h415-k-no,Yes,"30.0654701,-96.6974005"
1,SAFREDER,SA FredericksBURGERS,Burger,No,"9503 Bandera Rd, San Antonio, TX 78250",San Antonio,Northwest Side,"https://www.google.com/maps/place/SA+FredericksBURGERS/@29.5322318,-98.6525553,16z/data=!4m6!3m5!1s0x865c5fa7770d254b:0x6329ce492f22dc3b!8m2!3d29.532134!4d-98.6459841!16s%2Fg%2F11t_sjk9b2?entry=ttu&g_ep=EgoyMDI1MDQwMi4xIKXMDSoASAFQAw%3D%3D",https://lh3.googleusercontent.com/p/AF1QipNf_PwGKtk6JsbzWoEknBWWPfymm-pWkmU6c2nE=w408-h306-k-no,Yes,"29.5322318,-98.6525553"
1,SALTGRAS,Saltgrass Steakhouse,Steakhouse,Yes,"502 Riverwalk, San Antonio, TX 78205",San Antonio,Downtown SA/River Walk,"https://www.google.com/maps/place/Saltgrass+Steakhouse/@29.425263,-98.4859479,17z/data=!4m15!1m8!3m7!1s0x865c58aa8121136f:0xc489cd22f88ece4f!2s502+Riverwalk,+San+Antonio,+TX+78205!3b1!8m2!3d29.424646!4d-98.484935!16s%2Fg%2F1tgz5xfh!3m5!1s0x865c58aa8121136f:0xc489cd22f88ece4f!8m2!3d29.424646!4d-98.484935!16s%2Fg%2F1tgz5xfh?entry=ttu",https://lh3.googleusercontent.com/p/AF1QipPRiNPjrfxpawdZc8H5rTXocNkYiurnXuDxS6YL=w408-h271-k-no,Yes,"29.4252630,-98.4859479"
1,SARITASM,Sarita's Mexican Restaurant,Mexican,Yes,"2235 Lockhill Selma Rd, San Antonio, TX 78230",San Antonio,Northwest Side,"https://www.google.com/maps/place/Sarita's+Mexican+Restaurant/@29.5427056,-98.5310315,17z/data=!4m15!1m8!3m7!1s0x865c60f5ec2f066b:0xb982ded2ea9dec90!2s2235+Lockhill+Selma+Rd,+San+Antonio,+TX+78230!3b1!8m2!3d29.5427084!4d-98.528912!16s%2Fg%2F11c28rgjnr!3m5!1s0x865c60f5950f7b89:0xecbaa49aa1a36140!8m2!3d29.5427056!4d-98.5288428!16s%2Fg%2F1tfwdxxb?entry=ttu&g_ep=EgoyMDI1MDQwMi4xIKXMDSoASAFQAw%3D%3D",https://lh3.googleusercontent.com/p/AF1QipNKPFNk_tVJDBiO6ADTksi84rUyx4Bg7RDUatgl=w426-h240-k-no,Yes,"29.5427056,-98.5310315"
1,SCHULTZS,Schultz’s Pit Room,BBQ,No,"1013 Schriewer St, Seguin, TX 78155",Seguin,Seguin,"https://www.google.com/maps/place/Schulze's+Pit+Room/@29.5940631,-97.9516062,17z/data=!3m1!4b1!4m6!3m5!1s0x865cb740da7e3ed9:0x634c3927d3f19329!8m2!3d29.5940631!4d-97.9490313!16s%2Fg%2F11k4jcrvn6?entry=ttu&g_ep=EgoyMDI1MDQwMi4xIKXMDSoASAFQAw%3D%3D",https://lh3.googleusercontent.com/p/AF1QipPJ5F-VYbX2UtyBLm-cKpN5WgLcFQrr98vJKk-H=w408-h418-k-no,Yes,"29.5940631,-97.9516062"
1,SCISCIAN,Scisciano Italia,Italian,No,"12311 Nacogdoches Rd #104, San Antonio, TX 78217",San Antonio,Northeast Side,"https://www.google.com/maps/place/Scisciano+Italia,+llc/@29.552614,-98.405614,17z/data=!4m16!1m9!3m8!1s0x865c8b65b8eefad1:0xcbe84dd76b50ffab!2s12311+Nacogdoches+Rd,+San+Antonio,+TX+78217!3b1!8m2!3d29.5530443!4d-98.4054443!10e3!16s%2Fg%2F11bw3z556m!3m5!1s0x865c8b2efad48611:0x8cbd8636fde0c19b!8m2!3d29.5528991!4d-98.4052516!16s%2Fg%2F11y6t2dh1g?entry=ttu&g_ep=EgoyMDI1MDQwMi4xIKXMDSoASAFQAw%3D%3D",https://lh3.googleusercontent.com/p/AF1QipOz4qw3LiqRIBY0YqcszCg3C19hJUQ1QVTxTkDV=w408-h544-k-no,Yes,"29.5526140,-98.4056140"
2,SEAISLAN,Sea Island Shrimp House (across North Star Mall),"Seafood, Seafood",Yes,"322 W Rector St, San Antonio, TX 78216",San Antonio,North Central,"https://www.google.com/maps/place/Sea+Island+Shrimp+House/@29.5164577,-98.4982675,17z/data=!4m15!1m8!3m7!1s0x865c5fe27c6a84eb:0x8f26d45aff8317ae!2s322+W+Rector+Dr,+San+Antonio,+TX+78216!3b1!8m2!3d29.5164577!4d-98.4982675!16s%2Fg%2F11bw4mm310!3m5!1s0x865c5fe27c116ad5:0x545af8ebb255d4f5!8m2!3d29.5165615!4d-98.4982299!16s%2Fg%2F1yl48r4qw?entry=ttu&g_ep=EgoyMDI1MDQwMi4xIKXMDSoASAFQAw%3D%3D",https://lh3.googleusercontent.com/p/AF1QipMD3YnKXPUp7CmITtnKV4ayWZjuhqozmi_fNlXo=w408-h306-k-no,Yes,"29.5164577,-98.4982675"
1,SMOKINMO,Smokin’ Mo’s BBQ,BBQ,No,"7915 W Loop 1604 N, San Antonio, TX 78254",San Antonio,Far West Side,"https://www.google.com/maps/place/Smokey+Mo's+BBQ/@29.5140536,-98.6967323,17z/data=!4m15!1m8!3m7!1s0x865c682e470dd039:0xe4b9ee5ff4295b1c!2s7915+W+Loop+1604+N,+San+Antonio,+TX+78254!3b1!8m2!3d29.5140536!4d-98.6967323!16s%2Fg%2F11fy0zm_2z!3m5!1s0x865c682eeb15fe1b:0xb4d1038a6fd282af!8m2!3d29.5133545!4d-98.6970525!16s%2Fg%2F11g9m5g9qk?entry=ttu&g_ep=EgoyMDI1MDQwMi4xIKXMDSoASAFQAw%3D%3D",https://lh3.googleusercontent.com/p/AF1QipNxyz4yFI_Q2ufwnvOSE-Ka1xfUc4fa1H0vpvE0=w408-h270-k-no,Yes,"29.5140536,-98.6967323"
1,SONIASME,Sonia’s Mexican Restaurant,Mexican,No,"15350 Nacogdoches Rd, San Antonio, TX 78247 (approx.)",San Antonio,Northeast Side,"https://www.google.com/maps/place/15350+Nacogdoches+Rd,+San+Antonio,+TX+78247",Permanently Closed,No,Not found
1,SOPHIASP,Sophia’s Pizzeria,"Italian, Pizza",Yes,"903 E Bitters Rd, San Antonio, TX 78216",San Antonio,North Central,"https://www.google.com/maps/place/Sofia's+Pizzeria/@29.5634383,-98.4791314,17z/data=!4m16!1m9!3m8!1s0x865c8a80b1f3d81f:0x630843f7a2cdaf49!2s903+E+Bitters+Rd,+San+Antonio,+TX+78216!3b1!8m2!3d29.5633156!4d-98.4792734!10e3!16s%2Fg%2F11bw3y0xmt!3m5!1s0x865c8b446cf1d285:0x4784caf3f3f73a59!8m2!3d29.5631472!4d-98.4787978!16s%2Fg%2F11q3dgyz3n?entry=ttu&g_ep=EgoyMDI1MDQwMi4xIKXMDSoASAFQAw%3D%3D",https://lh3.googleusercontent.com/p/AF1QipMmfFoq078kalCFxsWtpktAUlKqEDtK6i5Zk407=w408-h408-k-no,Yes,"29.5634383,-98.4791314"
1,STONETER,Stone Terrace Gastropub,Gastropub,No,"20626 Stone Oak Pkwy #103, San Antonio, TX 78258",San Antonio,Stone Oak,"https://www.google.com/maps/place/Stone+Terrace+Gastropub/@29.6487035,-98.4653952,17z/data=!3m2!4b1!5s0x865c89c9d263ba87:0x3d5355680dfd94ff!4m6!3m5!1s0x865c8992e14cc8c5:0x7b680bbe608a54ef!8m2!3d29.6486989!4d-98.4628203!16s%2Fg%2F11w33y6z0n?entry=ttu&g_ep=EgoyMDI1MDQwMi4xIKXMDSoASAFQAw%3D%3D",https://lh3.googleusercontent.com/p/AF1QipMolA6jnxCwPDyUDOSlK_y-otNlR4sWry5jJcaT=w408-h544-k-no,Yes,"29.6487035,-98.4653952"
1,TACOBELL,Taco Bell,"Mexican, Fast Food",Yes,Various locations (specific not mentioned),San Antonio,Various,"N/A (multiple locations, no specific address given)",https://upload.wikimedia.org/wikipedia/en/thumb/b/b3/Taco_Bell_2016.svg/300px-Taco_Bell_2016.svg.png,Yes,Not found
1,TACOJALI,Taco Jalisco Authentic Mexican Restaurant,Mexican,No,"8099 Culebra Rd, San Antonio, TX 78251",San Antonio,West Side,"https://www.google.com/maps/place/Taco+Jalisco+Authentic+Mexican+Restaurant+Jalisco+Style/@29.465614,-98.645614,17z/data=!4m15!1m8!3m7!1s0x865c5d267d6253d9:0x66a496c385a0e0c3!2s8099+Culebra+Rd,+San+Antonio,+TX+78251!3b1!8m2!3d29.4665735!4d-98.6463301!16s%2Fg%2F11bw49g0ml!3m5!1s0x865c5d267c5f04a9:0x3f651a5feb87a84!8m2!3d29.466555!4d-98.646364!16s%2Fg%2F1tdkh1tt?entry=ttu&g_ep=EgoyMDI1MDQwMi4xIKXMDSoASAFQAw%3D%3D",https://lh3.googleusercontent.com/p/AF1QipMpZ3t5sKsImDlm91cmEc4o8oWdh_NAjjbW8Q4o=w408-h306-k-no,Yes,"29.4656140,-98.6456140"
1,TACOSVIT,Tacos Vitali,Mexican,Yes,"6433 Babcock Rd, San Antonio, TX 78249",San Antonio,Northwest Side,"https://www.google.com/maps/place/Tacos+Vitali/@29.54682,-98.6145243,17z/data=!4m15!1m8!3m7!1s0x865c6707a07d8955:0x877b8e1d787cac42!2s6433+Babcock+Rd,+San+Antonio,+TX+78249!3b1!8m2!3d29.54682!4d-98.6145243!16s%2Fg%2F11c0yd_1nf!3m5!1s0x865c67bfd9850cfb:0xe172e7f856032f16!8m2!3d29.5468298!4d-98.6145151!16s%2Fg%2F11twm4shv7?entry=ttu&g_ep=EgoyMDI1MDQwMi4xIKXMDSoASAFQAw%3D%3D",https://lh3.googleusercontent.com/p/AF1QipPVfV-_T1oRB2ACQE5_WwCQ5MY1xQ-qBn_UBQQg=w408-h306-k-no,Yes,"29.5468200,-98.6145243"
1,TANDOORP,Tandoor Palace Indian Restaurant,Indian,No,"9002 Wurzbach Rd, San Antonio, TX 78240",San Antonio,Northwest Side,"https://www.google.com/maps/place/Tandoor+Palace+Indian+Restaurant/@29.5257775,-98.5669514,17z/data=!4m15!1m8!3m7!1s0x865c60b223e15e95:0x14dff3c925bb9110!2s9002+Wurzbach+Rd,+San+Antonio,+TX+78240!3b1!8m2!3d29.5257775!4d-98.5669514!16s%2Fg%2F11bw4q8713!3m5!1s0x865c60b2886a10bd:0x3ec2128d2a17e3b0!8m2!3d29.5257775!4d-98.5669514!16s%2Fg%2F1tf36cpz?entry=ttu&g_ep=EgoyMDI1MDQwMi4xIKXMDSoASAFQAw%3D%3D",https://lh3.googleusercontent.com/p/AF1QipN9zG-WCav6nqO-ZbjU4PlUZWlPDovhdNWKCoZk=w408-h544-k-no,Yes,"29.5257775,-98.5669514"
1,TBURGERO,T burger of Flatonia,"American, Burger",No,"110 W North Main St, Flatonia, TX 78941",Flatonia,Flatonia,"https://www.google.com/maps/place/T+burger+of+Flatonia/@29.6897357,-97.1109479,17z/data=!4m15!1m8!3m7!1s0x864375e3d5353a7b:0xe6a6b2cd6a3a8094!2s110+W+North+Main+St,+Flatonia,+TX+78941!3b1!8m2!3d29.687974!4d-97.1088952!16s%2Fg%2F11bw3zmv88!3m5!1s0x864375e10d147879:0xff0f08ec11063966!8m2!3d29.6879083!4d-97.1089472!16s%2Fg%2F11c1n6ynyc?entry=ttu&g_ep=EgoyMDI1MDQwMi4xIKXMDSoASAFQAw%3D%3D",https://lh3.googleusercontent.com/p/AF1QipODbIjm48Q16J7cF5sFSz0S22CbWUanaJJfDXFF=w408-h272-k-no,Yes,"29.6897357,-97.1109479"
1,TEXASDWI,Texas D Willie's Smokehouse Zarzamora,BBQ,Yes,"6506 S Zarzamora St, San Antonio, TX 78211",San Antonio,South Side,"https://www.google.com/maps/place/Texas+D+Willie's+Smokehouse+Zarzamora/@29.3637465,-98.5362994,17z/data=!3m1!4b1!4m6!3m5!1s0x865c59c2441d36d9:0xe48444882bed7ff3!8m2!3d29.3637418!4d-98.5337245!16s%2Fg%2F11gy4t2r3q?entry=ttu&g_ep=EgoyMDI1MDQwMi4xIKXMDSoASAFQAw%3D%3D",https://lh3.googleusercontent.com/p/AF1QipNkff0u8J9zpyM2M0Ay1WA_wV86XU7MG_Th2Lbu=w428-h240-k-no,Yes,"29.3637465,-98.5362994"
1,TEXASROA,Texas Roadhouse,"American, Steakhouse",Yes,"6616 W Loop 1604 N, San Antonio, TX 78254",San Antonio,West Side,"https://www.google.com/maps/place/Texas+Roadhouse/@29.4987598,-98.739452,14z/data=!4m10!1m2!2m1!1sTexas+Roadhouse!3m6!1s0x865c42631aa431f1:0xe4ab2c5b2c09da5f!8m2!3d29.4987598!4d-98.7013432!15sCg9UZXhhcyBSb2FkaG91c2UiA4gBAVoRIg90ZXhhcyByb2FkaG91c2WSAQtzdGVha19ob3VzZeABAA!16s%2Fg%2F11f2jp_8f_",https://lh3.googleusercontent.com/p/AF1QipOF0mwkV1hQqbxQwG3-VyYW2aIiHyhUckDCUvR3=w408-h386-k-no,Yes,"29.4987598,-98.7394520"
1,TEXASSTA,Texas Star,"BBQ, Southern",No,"7621 Bandera Rd, San Antonio, TX 78238",San Antonio,Leon Valley,"https://www.google.com/maps/place/Texas+Star+Inn/@29.508614,-98.635614,17z/data=!4m15!1m8!3m7!1s0x865c6789d7cb17f1:0xfe1cb08560368df7!2s7621+Bandera+Rd,+San+Antonio,+TX+78238!3b1!8m2!3d29.5085021!4d-98.630333!16s%2Fg%2F11w_njl0s8!3m5!1s0x865c6789d5352993:0x6ba59a7170498138!8m2!3d29.5085021!4d-98.630333!16s%2Fg%2F11mhvd3dvw?entry=ttu&g_ep=EgoyMDI1MDQwMi4xIKXMDSoASAFQAw%3D%3D",https://lh3.googleusercontent.com/p/AF1QipMzdjp_vODU--nxmQmCDdWZrlfZSkteiCz_xHwC=w408-h544-k-no,Yes,"29.5086140,-98.6356140"
1,THEDOUGH,The Dough Station,Pizza,No,"409 US-90, Castroville, TX 78009",Castroville,Castroville,"https://www.google.com/maps/place/The+Dough+Station/@30.0126798,-95.4527936,7z/data=!4m10!1m2!2m1!1sThe+Dough+Station+near+490+US-90!3m6!1s0x865c395df7fd8535:0x173f4c6d174c5d19!8m2!3d29.3553607!4d-98.8757599!15sCiBUaGUgRG91Z2ggU3RhdGlvbiBuZWFyIDQ5MCBVUy05MJIBEHBpenphX3Jlc3RhdXJhbnTgAQA!16s%2Fg%2F11l5hsqwy5?entry=ttu&g_ep=EgoyMDI1MDQwMi4xIKXMDSoASAFQAw%3D%3D",https://lh3.googleusercontent.com/p/AF1QipOAsYWfbXz_ZYN9MVv63RMpUHpbXTixOKlb-Gle=w519-h240-k-no,Yes,"30.0126798,-95.4527936"
1,EVILOLIV,Evil Olive,American,No,"2950 Thousand Oaks Dr, San Antonio, TX 78247",San Antonio,Northeast Side,"https://www.google.com/maps/place/Evil+Olive/@29.5774143,-98.44154,17z/data=!4m15!1m8!3m7!1s0x865c8a52a33d14cd:0x98911855cbb9b093!2s2950+Thousand+Oaks+Dr,+San+Antonio,+TX+78247!3b1!8m2!3d29.5774143!4d-98.44154!16s%2Fg%2F11bw429yyg!3m5!1s0x865c8a52bbe4c9a9:0xd5c174fd1a043378!8m2!3d29.5769734!4d-98.4411103!16s%2Fg%2F1hhj339lh?entry=ttu&g_ep=EgoyMDI1MDQwMi4xIKXMDSoASAFQAw%3D%3D",https://lh3.googleusercontent.com/p/AF1QipPx-5PyDxWL9MvhdhB2VBzijYkIWALpnG8LuuGa=w408-h613-k-no,Yes,"29.5774143,-98.4415400"
1,THELAKEH,The Lakehouse Hill Country Kitchen,"American, Southern",No,"1655 Junction Hwy, Kerrville, TX 78028",Kerrville,Kerrville,"https://www.google.com/maps/place/The+Lakehouse/@30.068614,-99.185614,17z/data=!4m15!1m8!3m7!1s0x865be287bb316c2d:0x872a0422d26faf4c!2s1655+Junction+Hwy,+Kerrville,+TX+78028!3b1!8m2!3d30.066409!4d-99.1808853!16s%2Fg%2F11ghnd3d5f!3m5!1s0x865be288fab676b3:0xf97bf8dfa6b31977!8m2!3d30.066415!4d-99.180881!16s%2Fg%2F1tcx1yqr?entry=ttu&g_ep=EgoyMDI1MDQwMi4xIKXMDSoASAFQAw%3D%3D",https://lh3.googleusercontent.com/p/AF1QipPAvvRb7nvn9hMDJRPyeuXMT4ZoanOJnw8hiu9P=w408-h407-k-no,Yes,"30.0686140,-99.1856140"
1,TIASTACO,Tia’s Taco Hut (Multiple Locations),Mexican,Yes,"2402 SE Military Dr #105, San Antonio, TX 78223",San Antonio,Southeast Side,"https://www.google.com/maps/search/tia's+taco+hut+san+antonio/@29.4654864,-98.7657634,11z/data=!3m1!4b1?entry=ttu&g_ep=EgoyMDI1MDQwMi4xIKXMDSoASAFQAw%3D%3D",https://lh3.googleusercontent.com/p/AF1QipM4N-tNurUFEc67WxIK_93J7hQtN6S5llJ7j_Ym=w408-h295-k-no,Yes,"29.4654864,-98.7657634"
1,TONYGSSO,Tony G’s Soul Food,Soul Food,No,"915 S Hackberry St, San Antonio, TX 78210",San Antonio,East Side,"https://www.google.com/maps/place/Tony+G's+Soul+Food/@29.415263,-98.4759479,17z/data=!4m15!1m8!3m7!1s0x865cf61a0f58c205:0x56f5cc3a207144a8!2s915+S+Hackberry+St,+San+Antonio,+TX+78210!3b1!8m2!3d29.4098271!4d-98.4736746!16s%2Fg%2F11rg5y0s93!3m5!1s0x865cf6014d7ccddd:0xbfc9d4a5d4fc47d8!8m2!3d29.4097508!4d-98.4736121!16s%2Fg%2F11cmts8mqy?entry=ttu&g_ep=EgoyMDI1MDQwMi4xIKXMDSoASAFQAw%3D%3D",https://lh3.googleusercontent.com/p/AF1QipP0bLsH01pSZ7aeSds_bgZugeKjcBZkR7KPeqzH=w408-h544-k-no,Yes,"29.4152630,-98.4759479"
1,TOROKOSU,Toroko Sushi,"Japanese, Sushi",No,"158 E Sonterra Blvd, San Antonio, TX 78232",San Antonio,Stone Oak,"https://www.google.com/maps/place/Toroko+Sushi/@29.6158438,-98.4920114,17z/data=!4m15!1m8!3m7!1s0x865c62047b3ad03b:0xc1b890d608f4861b!2s158+E+Sonterra+Blvd,+San+Antonio,+TX+78258!3b1!8m2!3d29.6158438!4d-98.4920114!16s%2Fg%2F11bw4bk9tz!3m5!1s0x865c63584c87fbab:0x2b510b3f435d2487!8m2!3d29.6159563!4d-98.4921098!16s%2Fg%2F11q7dtc9n7?entry=ttu&g_ep=EgoyMDI1MDQwMi4xIKXMDSoASAFQAw%3D%3D",https://lh3.googleusercontent.com/p/AF1QipNb7PFWLAfPWXct9E04IatjSHNrQseYsMvXEtGy=w408-h544-k-no,Yes,"29.6158438,-98.4920114"
1,TRUETEXA,True Texas BBQ (H-E-B Lincoln Heights),BBQ,Yes,"999 E Basse Rd, San Antonio, TX 78209",San Antonio,Lincoln Heights,"https://www.google.com/maps/place/True+Texas+BBQ/@29.495263,-98.4759479,17z/data=!4m15!1m8!3m7!1s0x865cf5418d14e029:0x5bbcfcf2363ae2c6!2s999+E+Basse+Rd,+San+Antonio,+TX+78209!3b1!8m2!3d29.4974545!4d-98.4671804!16s%2Fg%2F11bw4c4hpt!3m5!1s0x865cf5fc8d84d823:0xeed3aed2b6e1e516!8m2!3d29.4981069!4d-98.4678629!16s%2Fg%2F11w2k9xb42?entry=ttu&g_ep=EgoyMDI1MDQwMi4xIKXMDSoASAFQAw%3D%3D",https://lh3.googleusercontent.com/p/AF1QipMuZJpJuektMSZsrEJjFx7Vv4cJGCl_9A4715jz=w421-h240-k-no,Yes,"29.4952630,-98.4759479"
1,UMBERTOS,Umberto’s Italian Grill,Italian,No,"7616 Culebra Rd, San Antonio, TX 78251",San Antonio,West Side,"https://www.google.com/maps/place/Umberto's+Italian+Grill/@29.459416,-98.6400479,17z/data=!4m15!1m8!3m7!1s0x865c5cde52e1cee5:0xbd0cdd4115ec6780!2s7616+Culebra+Rd,+San+Antonio,+TX+78251!3b1!8m2!3d29.459416!4d-98.6400479!16s%2Fg%2F11b8v51w1m!3m5!1s0x865c42d2d2f029f1:0x246bd384c0a3254a!8m2!3d29.4591506!4d-98.6402798!16s%2Fg%2F1264gwbdd?entry=ttu&g_ep=EgoyMDI1MDQwMi4xIKXMDSoASAFQAw%3D%3D",https://lh3.googleusercontent.com/p/AF1QipPfaAYZMdlxktybXPi8ryrgqHvZ5AmyhINimwGn=w408-h408-k-no,Yes,"29.4594160,-98.6400479"
1,WAHOOSSE,Wahoo’s Seafood Company,Seafood,No,"905 Sidney Baker St, Kerrville, TX 78028",Kerrville,Kerrville,"https://www.google.com/maps/place/Wahoo's+Seafood+Co./@30.05306,-99.1363928,17z/data=!3m1!4b1!4m6!3m5!1s0x865be31e202d3315:0x50a26b3e310f739!8m2!3d30.0530554!4d-99.1338179!16s%2Fg%2F11c5xn0ttf?entry=ttu&g_ep=EgoyMDI1MDQwMi4xIKXMDSoASAFQAw%3D%3D",https://lh3.googleusercontent.com/p/AF1QipM3FIWRcPx9YfZ1I-d69tz6eZd4SbxDmHyG-mv6=w408-h306-k-no,Yes,"30.0530600,-99.1363928"
1,WINDCRES,Windcrest Golf Course Restaurant,Chinese,No,"8600 Midcrown Dr, San Antonio, TX 78239",San Antonio,Windcrest,"https://www.google.com/maps/place/8600+Midcrown+Dr,+San+Antonio,+TX+78239",https://lh3.googleusercontent.com/p/AF1QipPT5MS0RqgdpSTg1iy7hg6Ip9NcpwL6tGWRIjTf=w408-h408-k-no,Yes,"29.5177550, -98.3811472"
1,WOKTHISW,Wok This Way,Chinese,No,"2411 NE Interstate 410 Loop #102, San Antonio, TX 78217",San Antonio,Northeast Side,"https://www.google.com/maps/place/Wok+This+Way/@29.5173126,-98.4212693,17z/data=!4m15!1m8!3m7!1s0x865cf4ca095cf235:0x9a26876882aeff0d!2s2411+NE+Interstate+410+Loop,+San+Antonio,+TX+78217!3b1!8m2!3d29.5173126!4d-98.4186944!16s%2Fg%2F11c4xysxxw!3m5!1s0x865cf4ca08ec7915:0x2f8636bfa9872c78!8m2!3d29.5166417!4d-98.4187473!16s%2Fg%2F113dfvk99?entry=ttu&g_ep=EgoyMDI1MDQwMi4xIKXMDSoASAFQAw%3D%3D",https://lh3.googleusercontent.com/p/AF1QipP0dMb0OhVCQMbdSeqoGq1s-kAuoGur8K0Uf5pk=w408-h272-k-no,Yes,"29.5173126,-98.4212693"
1,ELBURRIT,El Burrito Tapatio,Mexican,No,"5600 Walzem Rd, San Antonio, TX 78218",San Antonio,Windcrest,"https://www.google.com/maps/place/El+Burrito+Tapatio+-+Walzem/@29.505263,-98.3759479,17z/data=!4m15!1m8!3m7!1s0x865cf34705b7332b:0xd32d03a57017aa2a!2s5600+Walzem+Rd,+San+Antonio,+TX+78218!3b1!8m2!3d29.5098905!4d-98.3767952!16s%2Fg%2F11bw4nftqm!3m5!1s0x865cf347a9d9de65:0x66720b89227cc89f!8m2!3d29.5099469!4d-98.3767572!16s%2Fg%2F1263lyslg?entry=ttu&g_ep=EgoyMDI1MDQwNi4wIKXMDSoASAFQAw%3D%3D",https://lh3.googleusercontent.com/p/AF1QipMJU0fe23v3KUn63g4HvBjZby9E75GKbBV40l2o=w408-h306-k-no,Yes,"29.5052630,-98.3759479"
1,RAYSDRIV,Ray’s Drive Inn,"American, Diner",No,"822 SW 19th St, San Antonio, TX 78207",San Antonio,West Side,"https://www.google.com/maps/place/Ray's+Drive+Inn/@29.4208282,-98.5391306,17z/data=!4m15!1m8!3m7!1s0x865c592d18553691:0x22466a6b86c3c957!2s822+SW+19th+St,+San+Antonio,+TX+78207!3b1!8m2!3d29.4208533!4d-98.5369559!16s%2Fg%2F11bw43n65l!3m5!1s0x865c592d19fbd589:0xd2a3622f32359d0b!8m2!3d29.4208282!4d-98.5369419!16s%2Fg%2F1tfcj54l?entry=ttu&g_ep=EgoyMDI1MDQwNi4wIKXMDSoASAFQAw%3D%3D",https://lh3.googleusercontent.com/p/AF1QipMtwMK4SAe7txmEM68M4SCQceYn__ZZw6MfqXfy=w408-h306-k-no,Yes,"29.4208282,-98.5391306"
1,LOSAZULE,Los Azulejos,Mexican,No,"2267 NW Military Hwy #101, San Antonio, TX 78213",San Antonio,North Side,"https://www.google.com/maps/place/Los+Azulejos+Restaurant/@29.5373902,-98.5281892,17z/data=!3m1!4b1!4m6!3m5!1s0x865c612337df875f:0xaaf7903da3703a24!8m2!3d29.5373902!4d-98.5256089!16s%2Fg%2F11fqp1m48f?entry=ttu&g_ep=EgoyMDI1MDQwNi4wIKXMDSoASAFQAw%3D%3D",https://lh3.googleusercontent.com/p/AF1QipPwNlCKbo9myW9glJen5rbGGAQkF4aWbpRu6axk=w408-h313-k-no,Yes,"29.5373902,-98.5281892"
1,CUARTODE,Cuarto de Kilo,"American, Burger",Yes,"12411 Bandera Rd, Helotes, TX 78023",Helotes,Helotes,"https://www.google.com/maps/place/CUARTO+DE+KILO+BURGERS/@29.555263,-98.6759479,17z/data=!4m15!1m8!3m7!1s0x865c688ebca43791:0xb51519d06ac39e17!2s12411+Bandera+Rd,+Helotes,+TX+78023!3b1!8m2!3d29.5583703!4d-98.6758316!16s%2Fg%2F11bw3xx7nt!3m5!1s0x865c6969cce8bec9:0xb5ad5501b5c457f3!8m2!3d29.5584691!4d-98.6758581!16s%2Fg%2F11srrh8_3f?entry=ttu&g_ep=EgoyMDI1MDQwNi4wIKXMDSoASAFQAw%3D%3D",https://lh3.googleusercontent.com/p/AF1QipN2CvP4Dgd6yLcQS5F2XgfhSlH3LU43n1rJ5jAv=w408-h306-k-no,Yes,"29.5552630,-98.6759479"
1,TJSHAMBU,TJ’s Hamburgers,"American, Burger",No,"2323 W Southcross Blvd, San Antonio, TX 78211",San Antonio,South Side,"https://www.google.com/maps/place/T+J's+Hamburgers/@29.3687606,-98.5480635,17z/data=!4m15!1m8!3m7!1s0x865c59a3ebad05ab:0xdc5f0410aa86987!2s2323+W+Southcross+Blvd,+San+Antonio,+TX+78211!3b1!8m2!3d29.3687914!4d-98.5458803!16s%2Fg%2F11bw4hq45t!3m5!1s0x865c59a38d51f56f:0x4b29359a0789861d!8m2!3d29.3687606!4d-98.5458748!16s%2Fg%2F1tf3p9tb?entry=ttu&g_ep=EgoyMDI1MDQwNi4wIKXMDSoASAFQAw%3D%3D",https://lh3.googleusercontent.com/p/AF1QipMF9Z6uSFtlH7DOxZYI7r-W6xPCaIlQix9OvGDP=w408-h544-k-no,Yes,"29.3687606,-98.5480635"
1,MARIASCA,Maria’s Cafe,Mexican,No,"1105 Nogalitos St, San Antonio, TX 78204",San Antonio,South Side,"https://www.google.com/maps/place/Maria's+Cafe/@29.405263,-98.5159479,17z/data=!4m15!1m8!3m7!1s0x865c58c1ea7c4657:0x49f6c8d50f5975b5!2s1105+Nogalitos+St,+San+Antonio,+TX+78204!3b1!8m2!3d29.4022706!4d-98.5103468!16s%2Fg%2F11csljdzgh!3m5!1s0x865c58c1ea87ef55:0x36ff137cbd904608!8m2!3d29.4022818!4d-98.5103748!16s%2Fg%2F1tdyr6dl?entry=ttu&g_ep=EgoyMDI1MDQwNi4wIKXMDSoASAFQAw%3D%3D",https://lh3.googleusercontent.com/p/AF1QipPhwzWZDU9FW3r9kFU-902QhBSaRYRor9S-566_=w426-h240-k-no,Yes,"29.4052630,-98.5159479"
1,GOLDENKI,Golden Kirin,Chinese,No,"4400 Fredericksburg Rd #122, San Antonio, TX 78201",San Antonio,Balcones Heights,"https://www.google.com/maps/place/Golden+Kirin+Restaurant/@29.485263,-98.5559479,17z/data=!4m15!1m8!3m7!1s0x865c5e41b2cc2a29:0xfca190c2fc5cc1cc!2s4400+Fredericksburg+Rd+%23122,+San+Antonio,+TX+78201!3b1!8m2!3d29.4878181!4d-98.5481853!16s%2Fg%2F11lk_nzrfg!3m5!1s0x865c5e4048c2f6ab:0x5100c37ddd5a4801!8m2!3d29.4878181!4d-98.5481853!16s%2Fg%2F1tf02xch?entry=ttu&g_ep=EgoyMDI1MDQwNi4wIKXMDSoASAFQAw%3D%3D",https://lh3.googleusercontent.com/p/AF1QipN6_pQpdlSi2_wGrZ7PADmA2huTsVfIDWv0Jvva=w408-h544-k-no,Yes,"29.4852630,-98.5559479"
1,PAPANACH,Papa Nachos,Mexican,No,"24145 W Interstate 10 Frontage Rd, San Antonio, TX 78257",San Antonio,The Dominion,"https://www.google.com/maps/place/Papa+Nachos+Cantina/@29.6643664,-98.634546,17z/data=!3m1!4b1!4m6!3m5!1s0x865c65baeae051e7:0xef182797b5c59447!8m2!3d29.6643664!4d-98.6319657!16s%2Fg%2F11rchdb4tv?entry=ttu&g_ep=EgoyMDI1MDQwNi4wIKXMDSoASAFQAw%3D%3D",https://lh3.googleusercontent.com/p/AF1QipMMfPqaA2PN9Tki1GH1yeLNOn4HF4ecqNb9Qh5U=w408-h408-k-no,Yes,"29.6643664,-98.6345460"
1,PIZZACLA,Pizza Classics,"Italian, Pizza",No,"3440 N St Mary’s St, San Antonio, TX 78215",San Antonio,Olmos Park,"https://www.google.com/maps/place/Pizza+Classics/@29.455263,-98.4859479,17z/data=!4m15!1m8!3m7!1s0x865cf58936606a8b:0xd5e8bc547294f4f7!2s3440+N+St+Mary's+St,+San+Antonio,+TX+78212!3b1!8m2!3d29.4564395!4d-98.4790805!16s%2Fg%2F11bw41z4h_!3m5!1s0x865cf5f25029b4d3:0xf514455d2fa0c0b1!8m2!3d29.456446!4d-98.4791231!16s%2Fg%2F11c3s8hcqx?entry=ttu&g_ep=EgoyMDI1MDQwNi4wIKXMDSoASAFQAw%3D%3D",https://lh3.googleusercontent.com/p/AF1QipPPMes6vUS02YBYEArscD6xo9RH1Junsg5EaEYO=w408-h306-k-no,Yes,"29.4552630,-98.4859479"
1,ZITOSDEL,Zito’s Deli,"Italian, Deli",No,"1554 Babcock Rd, San Antonio, TX 78229",San Antonio,Medical Center,"https://www.google.com/maps/place/Zito's+Deli/@29.4916915,-98.5725361,17z/data=!3m1!4b1!4m6!3m5!1s0x865c5dde1642b70f:0xf227295b49a8a995!8m2!3d29.4916915!4d-98.5699558!16s%2Fg%2F1v2pqmrh?entry=ttu&g_ep=EgoyMDI1MDQwNi4wIKXMDSoASAFQAw%3D%3D",https://lh3.googleusercontent.com/p/AF1QipPuku2qFOVjLR-tk6_PfH78UXeaS-kuyGuB7R5M=w408-h306-k-no,Yes,"29.4916915,-98.5725361"
1,RAYSPIZZ,Ray’s Pizzeria,"Italian, Pizza",No,"455 McCarty Rd, San Antonio, TX 78216",San Antonio,North Side,"https://www.google.com/maps/place/Ray's+Pizzaria/@29.5293608,-98.5023612,17z/data=!4m15!1m8!3m7!1s0x865c6011f19b92cb:0x646d20f6fd825a2b!2s455+McCarty+Rd,+San+Antonio,+TX+78216!3b1!8m2!3d29.5293608!4d-98.5001725!16s%2Fg%2F11rnfbftzw!3m5!1s0x865c600cbffda157:0xd6476b7d48b5f81d!8m2!3d29.5293608!4d-98.5001725!16s%2Fg%2F1vvyyhqs?entry=ttu&g_ep=EgoyMDI1MDQwNi4wIKXMDSoASAFQAw%3D%3D",https://lh3.googleusercontent.com/p/AF1QipO0vVd2yGKvkxNsGgpwk6rOSaXUTz8DDKx4_iqL=w408-h306-k-no,Yes,"29.5293608,-98.5023612"
1,BROWNBAG,Brown Bag Sandwich Shop,American,No,"11035 Wetmore Rd, San Antonio, TX 78216",San Antonio,Northeast Side,"https://www.google.com/maps/place/The+Brown+Bag+Sandwich+Shop/@29.5409771,-98.4462809,17z/data=!4m15!1m8!3m7!1s0x865c8ade5c16e219:0xea759cca56dd53aa!2s11035+Wetmore+Rd,+San+Antonio,+TX+78216!3b1!8m2!3d29.5410033!4d-98.4441861!16s%2Fg%2F11b8z84h3w!3m5!1s0x865c8ade59697937:0x91af678aeccd7a7b!8m2!3d29.5409771!4d-98.4440922!16s%2Fg%2F1tfctn3t?entry=ttu&g_ep=EgoyMDI1MDQwNi4wIKXMDSoASAFQAw%3D%3D",https://lh3.googleusercontent.com/p/AF1QipNyoF7YKilfT3JQySRZc_fKrOZ3xffi9mbkaXB8=w408-h272-k-no,Yes,"29.5409771,-98.4462809"
1,ROCKTAPA,Rock & Tapas,Mexican,No,"307 Lafayette St, Castroville, TX 78009",Castroville,Castroville,"https://www.google.com/maps/place/Rock+%26+Tapas/@29.3563128,-98.8780693,17z/data=!3m1!4b1!4m6!3m5!1s0x865c39ae7a88a1ef:0xc972b8d15af90ee3!8m2!3d29.3563128!4d-98.875489!16s%2Fg%2F11kbzdxvsv?entry=ttu&g_ep=EgoyMDI1MDQwNi4wIKXMDSoASAFQAw%3D%3D",https://lh3.googleusercontent.com/p/AF1QipPy7xYj_6MBy8JptPiZ_fwChFTcxTEWY9CEW4SH=w519-h240-k-no,No,"29.3563128,-98.8780693"
1,MRAOKSSO,Mr. A-OK’s Soul Food,Soul Food,No,"5532 Walzem Rd, San Antonio, TX 78218",San Antonio,Windcrest,"https://www.google.com/maps/place/Mr.+A+Ok's+Kitchen/@29.5088073,-98.382713,17z/data=!3m1!4b1!4m6!3m5!1s0x865cf5ade41bb165:0x87a7004ab9b453f6!8m2!3d29.5088073!4d-98.3801327!16s%2Fg%2F11f6y4_kc8?entry=ttu&g_ep=EgoyMDI1MDQwNi4wIKXMDSoASAFQAw%3D%3D",https://lh3.googleusercontent.com/p/AF1QipNQFuRnV8LSkYvvfBvelkUtLT1ZWC-_OTlapUpg=w408-h306-k-no,Yes,"29.5088073,-98.3827130"
1,JULIANSISO,Julian's Italian Pizzeria and Kitchen (Stone Oak),"Italian, Pizza",Yes,"17230 Autry Pond Rd Suite #110, San Antonio, TX 78247",San Antonio,Stone Oak,"https://www.google.com/maps/place/Julian%E2%80%99s+Italian+Pizzeria+%26+Kitchen/@29.5980711,-98.4225876,17z/data=!4m15!1m8!3m7!1s0x865c8bc23fc85c51:0x99583ad3da093454!2s17230+Autry+Pond+Rd,+San+Antonio,+TX+78247!3b1!8m2!3d29.5980711!4d-98.4200073!16s%2Fg%2F11bw3y4f_j!3m5!1s0x865c8b9892e54307:0xdf76f7045153699b!8m2!3d29.5981634!4d-98.4198591!16s%2Fg%2F11flf94dh5?entry=ttu&g_ep=EgoyMDI1MDQwNi4wIKXMDSoASAFQAw%3D%3D",https://lh3.googleusercontent.com/p/AF1QipNktoaw6-RqkZdrSXrKIgDKM4T_i1y5TPjQ3yo7=w408-h306-k-no,Yes,"29.5980711,-98.4225876"
1,MAGNOLIASO,Magnolia Pancake Haus,"American, Breakfast",Yes,"2070 N Loop 1604 E, San Antonio, TX 78232",San Antonio,Stone Oak,"https://www.google.com/maps/place/The+Magnolia+Pancake+Haus/@29.6058057,-98.4616732,17z/data=!4m15!1m8!3m7!1s0x865c8a217d88d233:0x732ab1eb64fbc842!2s2070+N+Loop+1604+E,+San+Antonio,+TX+78259!3b1!8m2!3d29.6058057!4d-98.4590929!16s%2Fg%2F11t_z3mb49!3m5!1s0x865c61d4a364c5bf:0x2e22382213012d60!8m2!3d29.6058057!4d-98.4590929!16s%2Fg%2F1tkbyn3s?entry=ttu&g_ep=EgoyMDI1MDQwNi4wIKXMDSoASAFQAw%3D%3D",https://lh3.googleusercontent.com/p/AF1QipNVOPddHrzH0iZPW1CpBgTzPfTqaMiOvl6XnJh9=w426-h240-k-no,Yes,"29.6058057,-98.4616732"
1,ELWEINEC,El Weinecero,Food Truck,No,"123 Losoya St, San Antonio, TX 78205",San Antonio,Downtown SA/River Walk,"https://www.google.com/maps/place/El+Weinecero/@29.4231104,-98.4992956,14.27z/data=!3m1!5s0x865c5f54cabc7aed:0xdb3b0a9b1697598c!4m6!3m5!1s0x865c5fd3f8cef521:0x8b22682ef91ae7ec!8m2!3d29.4252342!4d-98.4880615!16s%2Fg%2F11rxj5c2nr?entry=ttu&g_ep=EgoyMDI1MDQwNi4wIKXMDSoASAFQAw%3D%3D",https://lh3.googleusercontent.com/p/AF1QipM0B3tFTNs81aWX3AzEEMNZqKyoqMxbNukUKveI=w408-h408-k-no,Yes,"29.4231104,-98.4992956"
1,WILLIESG,Willie’s Grill & Icehouse,American,Yes,"24200 IH-10 W, San Antonio, TX 78257",San Antonio,The Dominion,"https://www.google.com/maps/place/Willie's+Grill+%26+Icehouse/@29.665263,-98.6359479,17z/data=!3m1!5s0x865c7cdfc23b3fbf:0xa185327fd40ddbc4!4m15!1m8!3m7!1s0x865c65161a00e607:0x8f177ba66e08e178!2s24200+I-10,+San+Antonio,+TX+78257!3b1!8m2!3d29.6682213!4d-98.6312867!16s%2Fg%2F11rnfbj2v3!3m5!1s0x865c65161bcc4cd1:0xcaff519057c867c2!8m2!3d29.6688173!4d-98.6316274!16s%2Fg%2F1xfsp4s4?entry=ttu&g_ep=EgoyMDI1MDQwNi4wIKXMDSoASAFQAw%3D%3D",https://lh3.googleusercontent.com/p/AF1QipM5_8wl_I9cnEYUyYu7J4RPWCcLwY9Pttq6YBtD=w493-h240-k-no,Yes,"29.6652630,-98.6359479"
1,NUTTINBE,Nuttin Betta Cajun & Creole,Creole,No,"5514 Walzem Rd, San Antonio, TX 78218",San Antonio,Windcrest,"https://www.google.com/maps/place/Nuttin+Betta/@29.505263,-98.3759479,17z/data=!4m15!1m8!3m7!1s0x865cf34686cb6af1:0xe3d916fb7b301561!2s5514+Walzem+Rd,+San+Antonio,+TX+78218!3b1!8m2!3d29.5098778!4d-98.3796663!16s%2Fg%2F11b8v6q161!3m5!1s0x865ca719da2780e3:0x913d3dce1aa85d0e!8m2!3d29.5098778!4d-98.3796663!16s%2Fg%2F11sfqncs6_?entry=ttu&g_ep=EgoyMDI1MDQwNi4wIKXMDSoASAFQAw%3D%3D",https://lh3.googleusercontent.com/p/AF1QipM47YXa_-6Z2tjhzrL0n0k1LNMi8FsnEN9oTUDX=w533-h240-k-no,Yes,"29.5052630,-98.3759479"
1,CROCKETT,Crockett Tavern,American,No,"320 Bonham St, San Antonio, TX 78205",San Antonio,Downtown SA/River Walk,"https://www.google.com/maps/place/Crockett+Tavern/@29.425263,-98.4859479,17z/data=!4m15!1m8!3m7!1s0x865c58aab10a05a9:0xcc7692b571209828!2s320+Bonham,+San+Antonio,+TX+78205!3b1!8m2!3d29.4252509!4d-98.4851469!16s%2Fg%2F11bw41smk2!3m5!1s0x865c59dfb444d7af:0xad12672bb9c95514!8m2!3d29.4251396!4d-98.485136!16s%2Fg%2F11swvkxp3b?entry=ttu&g_ep=EgoyMDI1MDQwNi4wIKXMDSoASAFQAw%3D%3D",https://lh3.googleusercontent.com/p/AF1QipPcwAR82E8KrXOEh9Cb6jUqaXRmvDDd5wdR5OL2=w426-h240-k-no,Yes,"29.4252630,-98.4859479"
1,ROSIESPI,Rosie’s Pizza To Go,Pizza,No,"427 W Kingsbury St, Seguin, TX 78155",Seguin,Seguin,"https://www.google.com/maps/place/Rosie's+Pizza+To+Go/@29.5804847,-97.9715938,17z/data=!4m15!1m8!3m7!1s0x865cb824c5bdeaa7:0x3a2f5f9bba279a21!2s427+W+Kingsbury+St,+Seguin,+TX+78155!3b1!8m2!3d29.5804825!4d-97.969405!16s%2Fg%2F11bw408_pw!3m5!1s0x865cb824c515b313:0xae1a1db26a91a257!8m2!3d29.5804847!4d-97.9694051!16s%2Fg%2F1tf_1hkd?entry=ttu&g_ep=EgoyMDI1MDQwNi4wIKXMDSoASAFQAw%3D%3D",https://lh3.googleusercontent.com/p/AF1QipNmcDbsURtd2D-KiMltIwHI9Z1FhDzmNOa8yGtL=w408-h314-k-no,Yes,"29.5804847,-97.9715938"
1,410DINER,410 Diner,"American, Diner",No,"8315 Broadway, San Antonio, TX 78209",San Antonio,Alamo Heights,"https://www.google.com/maps/place/410+Diner/@29.515263,-98.4659479,17z/data=!4m15!1m8!3m7!1s0x865cf54bc306f469:0x1abc84fb968a782a!2s8315+Broadway,+San+Antonio,+TX+78209!3b1!8m2!3d29.5141218!4d-98.4662206!16s%2Fg%2F11bw4hqmy6!3m5!1s0x865cf54bc4e8ead5:0xd7ccd3203e674f7a!8m2!3d29.5140369!4d-98.4661904!16s%2Fg%2F1tsyq66l?entry=ttu&g_ep=EgoyMDI1MDQwNi4wIKXMDSoASAFQAw%3D%3D",https://lh3.googleusercontent.com/p/AF1QipMXEWt9uGVwegI4RMSmbdjof7-CVRhjcQ67WlDG=w408-h306-k-no,Yes,"29.5152630,-98.4659479"
1,LASORREN,La Sorrentina,Italian,No,"3330 Culebra Rd, San Antonio, TX 78228",San Antonio,West Side,"https://www.google.com/maps/place/La+Sorrentina+Italian+Restaurant/@29.4487749,-98.5685909,17z/data=!4m15!1m8!3m7!1s0x865c5e99525473dd:0xc643beccbba97ed!2s3330+Culebra+Rd,+San+Antonio,+TX+78228!3b1!8m2!3d29.4486975!4d-98.5664258!16s%2Fg%2F11b8v42xpq!3m5!1s0x865c5e9953999cc7:0x12b67bc4422207c!8m2!3d29.4487749!4d-98.5664022!16s%2Fg%2F1tmpky89?entry=ttu&g_ep=EgoyMDI1MDQwNi4wIKXMDSoASAFQAw%3D%3D",https://lh3.googleusercontent.com/p/AF1QipMwzs3_6gxzB24-1dMuexASo2EaJfd-8L3EPB3o=w408-h294-k-no,Yes,"29.4487749,-98.5685909"
1,MAMACITA,Mamacita's Restaurant,Mexican,No,"8030 IH-10 W, San Antonio, TX 78230",San Antonio,Medical Center,"https://www.google.com/maps/place/Mamacita's+Restaurant/@29.5148757,-98.5568502,17z/data=!4m15!1m8!3m7!1s0x865c60a0c11ec7bd:0xf0ddb5c8138cb4fd!2s8030+I-10,+San+Antonio,+TX+78230!3b1!8m2!3d29.5149771!4d-98.5544896!16s%2Fg%2F11c5fsby5_!3m5!1s0x865c60a0c75c17a7:0x8370025ad9f607cd!8m2!3d29.5148757!4d-98.5546615!16s%2Fg%2F1v8x2m5k?entry=ttu&g_ep=EgoyMDI1MDQwNi4wIKXMDSoASAFQAw%3D%3D",https://lh3.googleusercontent.com/p/AF1QipO-FOxho5IhAtlkaFPW48PCaf4-PpOwG6S5X9w3=w408-h271-k-no,Yes,"29.5148757,-98.5568502"
2,SEAISLAN,Sea Island Shrimp House (across North Star Mall),"Seafood, Seafood",Yes,"322 W Rector St, San Antonio, TX 78216",San Antonio,North Central,"https://www.google.com/maps/place/Sea+Island+Shrimp+House/@29.5164577,-98.4982675,17z/data=!4m15!1m8!3m7!1s0x865c5fe27c6a84eb:0x8f26d45aff8317ae!2s322+W+Rector+Dr,+San+Antonio,+TX+78216!3b1!8m2!3d29.5164577!4d-98.4982675!16s%2Fg%2F11bw4mm310!3m5!1s0x865c5fe27c116ad5:0x545af8ebb255d4f5!8m2!3d29.5165615!4d-98.4982299!16s%2Fg%2F1yl48r4qw?entry=ttu&g_ep=EgoyMDI1MDQwMi4xIKXMDSoASAFQAw%3D%3D",https://lh3.googleusercontent.com/p/AF1QipMD3YnKXPUp7CmITtnKV4ayWZjuhqozmi_fNlXo=w408-h306-k-no,Yes,"29.5164577,-98.4982675"
1,ASPENCRE,Aspen Creek Grill,American,Yes,"11719 Bandera Rd, San Antonio, TX 78254",San Antonio,Helotes,"https://www.google.com/maps/place/Aspen+Creek+Grill/@29.5517126,-98.6684785,17z/data=!4m15!1m8!3m7!1s0x865c687df0bb6315:0x4407ba163e918236!2s11719+Bandera+Rd,+San+Antonio,+TX+78250!3b1!8m2!3d29.5517131!4d-98.6662445!16s%2Fg%2F11bw4qjsx_!3m5!1s0x865c687df096b367:0xfc3b13f0057f4114!8m2!3d29.5517126!4d-98.6662898!16s%2Fg%2F11cnlbmys7?entry=ttu&g_ep=EgoyMDI1MDQwNi4wIKXMDSoASAFQAw%3D%3D",https://lh3.googleusercontent.com/p/AF1QipMad6qWoL4-dPpNSLAUHAyNUSDF-vRglFey-hOD=w408-h306-k-no,Yes,"29.5517126,-98.6684785"
1,ALABRIJE,Alabrije Bakery,Bakery,No,"1931 N New Braunfels Ave, San Antonio, TX 78208",San Antonio,Mahncke Park,"https://www.google.com/maps/place/Alebrije+Bakery/@29.445263,-98.4659479,17z/data=!4m15!1m8!3m7!1s0x865cf5c26a370723:0x890e5961b483ca41!2s1931+N+New+Braunfels+Ave,+San+Antonio,+TX+78208!3b1!8m2!3d29.4427499!4d-98.4610649!16s%2Fg%2F11p5tqrw9r!3m5!1s0x865c59baac9d1fc5:0x85737ca20921eb51!8m2!3d29.4427499!4d-98.4610649!16s%2Fg%2F11r0wy15_c?entry=ttu&g_ep=EgoyMDI1MDQwNi4wIKXMDSoASAFQAw%3D%3D",https://lh3.googleusercontent.com/p/AF1QipPD-mQ7IecTGReDdCgsmwyAyRDxoQS5TLQL1_BL=w408-h725-k-no,Yes,"29.4452630,-98.4659479"
1,SINGHSVI,Singh’s Vietnamese,Vietnamese,No,"2803 N St Mary’s St, San Antonio, TX 78212",San Antonio,Tobin Hill,"https://www.google.com/maps/place/SINGHS+Vietnamese/@29.455263,-98.4859479,17z/data=!4m15!1m8!3m7!1s0x865c5f604d3c3283:0xafc0a07d6ba41910!2s2803+N+St+Mary's+St,+San+Antonio,+TX+78212!3b1!8m2!3d29.4514301!4d-98.4861946!16s%2Fg%2F11rnfcj5dt!3m5!1s0x865c666e31c35b75:0x9e0cb771f4744ff6!8m2!3d29.4514338!4d-98.4861917!16s%2Fg%2F11f9zr76dr?entry=ttu&g_ep=EgoyMDI1MDQwNi4wIKXMDSoASAFQAw%3D%3D",https://lh3.googleusercontent.com/p/AF1QipO6SH5PFkPgTJdygaKCEeO1JLEgDzTeNGgXO0Av=w408-h306-k-no,Yes,"29.4552630,-98.4859479"
1,IDACLAIR,Ida Claire,Southern,Yes,"7300 Jones Maltsberger Rd, San Antonio, TX 78209",San Antonio,Alamo Heights,"https://www.google.com/maps/place/Ida+Claire/@29.495263,-98.4759479,17z/data=!4m15!1m8!3m7!1s0x865cf55e793e51a3:0x948ff367c02adc3b!2s7300+Jones+Maltsberger+Rd,+San+Antonio,+TX+78209!3b1!8m2!3d29.4975858!4d-98.4790727!16s%2Fg%2F11bw3_sn1t!3m5!1s0x865cf5638099441b:0xd83e07f6ebce8493!8m2!3d29.4975226!4d-98.4790537!16s%2Fg%2F11h_6qcmpz?entry=ttu&g_ep=EgoyMDI1MDQwNi4wIKXMDSoASAFQAw%3D%3D",https://lh3.googleusercontent.com/p/AF1QipO3bTd9kcuG2qt1S1V7GVIbTXELzhGOq0JZq3-z=w408-h272-k-no,Yes,"29.4952630,-98.4759479"
